var 1,var 2,var 3,var 4,var 5,var 6,var 7,var 8,var 9,var 10,var 11,var 12,var 13,var 14,var 15,var 16,var 17,var 18,var 19,var 20,var 21,var 22,var 23,var 24,hydropowerAk,irrigation,environment,floodcontrol,hydropowerKp
-0.472947508,0.602555096,-0.293913873,0.777534561,-0.259043085,0.539353203,-0.832794358,0.028277992,0.820755652,0.423583638,0.432987121,0.339800059,0.969248244,0.367932563,0.55130921,0.825493711,0.869501593,0.310628755,0.022170984,0.695039875,0.484746482,0.168892779,0.801694374,0.461313595,44.594.676.565.420.900,0.137999814,0.451960321,0,8.860.488.663.515.680
0.855918261,0.259901055,0.953036637,0.632798203,0.459570924,0.540969254,-0.907684539,0.071614269,-0.542164263,0.434358541,0.819737955,0.136674209,0.96934403,0.358448486,0.726209559,0.82044126,0.325135042,0.194528466,0.030065119,0.695324713,0.98712121,0.171480342,0.909995529,0.34147401,446.912.513.546.377,0.196994007,0.442040624,0,8.882.490.560.155.910
0.760571435,0.152810223,0.769432573,0.832250277,0.469394564,0.459629745,-0.006119713,0.080121495,0.826493011,0.721570181,0.347689285,0.398891808,-0.043009981,0.15820635,0.313564753,0.263967691,0.860537926,0.767049326,0.151790514,0.687498899,0.513203431,0.290448663,0.007542725,0.083562902,44.221.836.245.819.200,0.19049167,0.480113368,0,8.781.465.317.435.660
0.760832447,0.322447456,0.846238301,0.574119691,-0.230964522,0.325939032,-0.621295586,0.68216841,0.917424672,0.203053364,0.352740423,0.391148748,-0.094710273,0.376686689,-0.211976329,0.251656043,0.837987659,0.096502659,0.021894313,0.293853908,0.90194626,0.341066973,0.038968175,0.06085707,44.694.820.534.498.900,0.24210806,0.412942844,0,8.875.812.100.580.250
0.465295726,0.327193781,0.940055085,0.97737293,-0.131662867,0.381427141,-0.703668267,0.760877388,0.839946146,0.284074891,0.729923673,0.856660216,0.40773516,0.203034335,-0.272078617,0.532910934,0.827698887,0.014955471,0.024180896,0.821682934,0.702283542,0.257097102,0.014037731,0.132228161,4.429.141.771.741.250,0.428529972,0.481247048,0,8.758.552.395.647.830
0.733865303,0.061743455,0.769432573,0.832250277,0.477226935,0.459629745,0.009158894,0.080121495,0.826493011,0.721570181,0.347689285,0.398891808,-0.043009981,0.543050517,0.313564753,0.263967691,0.860537926,0.767049326,0.830307448,0.687498899,0.513203431,0.290448663,0.001703514,0.083562902,3.059.848.354.092.800,0.07036803,0.747945205,0,6.027.343.712.932.920
0.649721809,0.176416976,0.363841746,0.91404917,0.782495543,0.196702194,0.593940927,0.566952387,-0.843884009,0.328261586,-0.306959201,0.304443481,-0.580729614,0.095546272,0.199690179,0.247546607,0.347359868,0.212442179,0.13308965,0.663054364,0.280434598,0.056723968,0.633617581,0.434595353,44.803.178.211.407.000,0.081244887,0.416438356,0,8.902.647.368.055.960
0.551538462,0.799422149,0.859945129,0.963492381,0.651913939,0.388776751,-0.834587079,0.728947832,0.882534376,0.272441653,0.815832519,0.792165233,-0.892981384,0.525799379,-0.162846289,0.446055796,0.97347911,0.008352182,0.614141116,0.28884231,0.378101738,0.461693266,0.005243458,0.377695765,4.473.268.448.838.050,0.501862564,0.422390175,0,8.821.612.279.120.750
0.772018748,0.341792649,0.931989119,0.571404826,-0.230964522,0.234580249,-0.859947876,0.063999507,0.920417175,0.202572666,0.825354891,0.831159861,-0.906855935,0.376327955,-0.211976329,0.584451671,0.829133793,0.099373423,0.024100576,0.293853908,0.476923505,0.341066973,0.009142666,0.161359446,4.470.339.855.848.340,0.390564183,0.413509684,0,8.873.914.282.522.170
0.534956725,0.744122459,0.86798186,0.554494221,0.431731718,0.369030589,-0.865968222,0.231230373,0.780549824,0.199380982,0.801297948,0.400053567,-0.976108995,0.328730658,-0.172214585,0.589035178,0.15206806,0.014201222,0.024594429,0.148687462,0.458858216,0.313204794,0.004752764,0.444156034,446.793.441.975.067,0.428932962,0.459990553,0,8.855.724.128.404.510
0.639940664,0.840444682,0.861785034,0.907928375,0.250958271,0.283677496,-0.841203908,0.736634416,0.769087089,0.204191321,0.818186056,0.801934353,-0.82706868,0.434042785,-0.422484603,0.385074893,0.99392493,0.014196904,0.014529043,0.286831986,0.380160345,0.288302378,0.002703575,0.492033227,4.466.550.526.628.700,0.706097601,0.453471894,0,8.790.541.874.835.650
0.478860369,0.90577632,-0.142133586,0.535030986,0.65080176,0.600340432,-0.797214903,0.96583466,-0.891678823,0.155983113,-0.609168125,0.439113075,0.760713491,0.052822843,0.809060802,0.680073754,0.767554413,0.018811793,0.93989208,0.925879989,0.033942005,0.451565093,0.028245821,0.363155226,27.305.326.080.607.800,0.029878012,0.808219178,0,5.356.360.160.725.510
0.855918261,0.259901055,0.953036637,0.632798203,0.459570924,0.540969254,-0.907981492,0.215991977,-0.542164263,0.434358541,0.819737955,0.136674209,0.969242183,0.358448486,0.726209559,0.82044126,0.325135042,0.180815017,0.030065119,0.693498676,0.570307973,0.133130348,0.909995529,0.303179772,4.467.540.871.268.590,0.237481795,0.436561171,0,8.878.188.057.735.540
0.845659684,0.384542749,0.862675247,0.937532729,0.980309583,0.490407376,-0.610411524,0.193967562,0.904197323,0.441836647,0.920824896,0.934404136,0.996256522,0.369773064,-0.136620324,0.820639416,0.925779051,0.019388745,0.018604396,0.727190545,0.957692287,0.167637846,0.031941435,0.855512874,4.462.874.411.579.450,0.45864743,0.421728862,0,8.853.414.157.511.490
0.535726373,0.724097267,0.852035991,0.554494221,-0.434621384,0.579083823,-0.867760567,0.669067108,0.780549824,0.199380982,0.802627307,0.801987232,-0.888227563,0.380067286,-0.172214585,0.379082404,0.93088805,0.014277293,0.024520881,0.161582534,0.390951963,0.28914353,0.001481432,0.428810078,4.454.202.221.467.740,0.659425927,0.470382617,0,8.771.519.363.165.910
0.536470875,0.74501658,0.851959233,0.532863356,0.407126635,0.359885194,-0.878330536,0.017765808,0.777927665,0.199380982,0.801902577,0.862587554,-0.941135399,0.359148748,-0.172214585,0.372085493,0.977329984,0.014277293,0.022068025,0.260196793,0.327083176,0.312375393,0.001725299,0.394275415,4.466.423.686.823.610,0.703322091,0.461313179,0,878.430.209.831.213
0.468391396,0.799214152,0.851534,0.943323962,0.998072567,0.352876418,-0.915271363,0.709089283,0.838660943,0.304844928,0.807768301,0.801963082,0.513111804,0.383264987,-0.173022065,0.308443096,0.99945752,0.014817287,0.008490283,0.345951053,0.559304506,0.21516277,0.010060797,0.718975625,443.089.169.594.291,0.663332985,0.480018895,0,8.717.910.735.023.020
0.534271702,0.342953901,0.940055085,0.97737293,0.355042004,0.54648572,-0.705161822,0.713863439,0.839946146,0.284897934,0.729923673,0.856660216,0.773176646,0.479423407,-0.276499975,0.530924073,0.788185963,0.009727778,0.01638765,0.820802677,0.729492587,0.257199148,0.020990437,0.130211451,4.468.433.281.160.150,0.459523215,0.42994804,0,884.045.930.182.683
0.534956725,0.724412058,0.867985318,0.538829371,0.464802116,0.408214035,-0.864988103,0.053161708,0.780549824,0.199380982,0.801297948,0.400053567,-0.989370027,0.328730658,-0.170516337,0.531202036,0.15206806,0.014201222,0.089628199,0.148687462,0.455129699,0.313204794,0.011484041,0.444156034,4.468.256.363.514.010,0.385130149,0.457723193,0,8.859.281.667.237.270
0.476808095,0.322270749,0.919187619,0.44211248,-0.296313932,0.326823241,-0.652792273,0.675437564,0.919493023,0.137279165,0.935644599,0.77451024,-0.708626153,0.357476668,-0.280583313,0.595621823,0.840991214,0.020500907,0.028834061,0.192667251,0.758944096,0.341995651,0.0354416,0.1522467,3.685.949.598.011.500,0.350983048,0.649315068,0,7.149.389.169.885.510
0.594963546,0.830520811,0.831661645,0.889897515,-0.258367269,0.283677496,-0.838695026,0.159669658,0.768993238,0.206015235,0.728294558,0.801934353,-0.872912708,0.437307415,-0.423313335,0.385074893,0.969315247,0.014243751,0.014529043,0.286831986,0.335422437,0.288302378,0.002407867,0.475352834,4.467.844.964.599.930,0.719325938,0.449031649,0,8.786.965.975.718.730
0.466228834,0.329500451,0.88921631,0.554671373,-0.136918676,0.326261766,-0.968153862,0.161182217,0.967233945,0.169576712,0.802617681,0.293628166,-0.890140413,0.393196437,-0.248457849,0.562133549,0.836329918,0.020130206,0.006547866,0.293762498,0.482398753,0.34617638,0.03375955,0.14602967,36.182.967.446.867.000,0.405560938,0.654794521,0,6.981.779.688.903.700
0.754103691,0.933097746,0.870229295,0.559337136,-0.58420407,0.40120828,-0.876944418,0.02774503,0.766044392,0.200092663,0.812361539,0.865063795,0.020823456,0.208870203,-0.355970073,0.077601679,0.977591725,0.021034079,0.018399481,0.178043265,0.378303724,0.368962294,0.207749308,0.740575045,4.467.038.356.315.750,0.599341012,0.453282948,0,8.812.412.439.152.990
0.538626784,0.347713315,0.848733693,0.572779875,-0.128626815,0.323823935,-0.707187718,0.630895573,0.767642193,0.166346783,0.802617681,0.802325385,0.390525572,0.376686689,-0.216313737,0.580168083,0.996208434,0.015107082,0.017716483,0.198522835,0.744794153,0.353855233,0.893251145,0.150446361,44.600.380.650.455.200,0.29293994,0.464714218,0,883.916.574.814.855
0.480264594,0.338411236,0.842439676,0.483933352,-0.404889274,0.325773624,-0.952443707,0.636544079,0.840440595,0.138510126,0.802576069,0.952877228,0.365004124,0.316326246,-0.323306682,0.579946505,0.84883573,0.01537793,0.017719453,0.166374,0.744794153,0.341995651,0.850055144,0.146728825,40.650.207.781.063.800,0.266458118,0.556164384,0,7.968.327.762.070.370
0.535078804,0.744122459,0.867795356,0.554494221,-0.287090924,0.35556247,-0.867798329,0.039198847,0.780549824,0.199380982,0.803460951,0.844264579,-0.888227563,0.402893358,-0.281703381,0.394243369,0.917234145,0.014277293,0.024520881,0.16159,0.380031042,0.284488832,0.033427731,0.428137637,4.454.639.074.866.640,0.648143759,0.470571564,0,877.327.707.232.411
0.480070985,0.342001898,0.834047054,0.572779875,-0.230964522,0.325925161,-0.938403184,0.629289424,0.929586097,0.16730656,0.802617681,0.831374316,0.390525572,0.376686689,-0.248457849,0.582421013,0.819125377,0.015107082,0.016458278,0.293139097,0.752166492,0.341995651,0.032932708,0.280537154,3.747.062.508.554.090,0.389036388,0.624657534,0,7.285.934.641.465.480
0.528551709,0.332389098,0.940055085,0.987247156,-0.132047063,0.382382008,-0.703668267,0.745558342,0.839946146,0.284897934,0.819910965,0.856681687,-0.018477349,0.350027825,-0.276788502,0.530924073,0.969482587,0.01320987,0.044659221,0.820802677,0.700965841,0.311997719,0.028229402,0.313933641,4.467.179.661.647.350,0.460567042,0.434010392,0,8.832.103.822.964.200
0.47969993,0.351480194,0.914603643,0.611827991,-0.404889274,0.325773624,-0.706428503,0.619979162,0.8404002,0.138510126,0.802617681,0.952877228,0.36746635,0.316326246,-0.323306682,0.394015763,0.995739505,0.01537793,0.017719453,0.166374,0.744794153,0.287195725,0.000178046,0.146728825,40.521.676.311.954.400,0.432139355,0.561643836,0,7.905.580.858.825.630
0.47969993,0.351480194,0.842439676,0.719632155,-0.232095797,0.325773624,-0.706428503,0.636544079,0.842577786,0.138510126,0.802617681,0.801966207,0.428006942,0.316326246,-0.323306682,0.580168083,0.970360711,0.01537793,0.017719453,0.166374,0.744794153,0.341995651,0.809653733,0.352802,3.940.881.458.564.500,0.295908944,0.580821918,0,769.903.175.475.527
0.469032766,0.81709597,0.895327458,0.956982184,0.956351008,0.581870726,-0.861385939,0.725024617,0.848768346,0.302582076,0.865206466,0.870950905,0.557416142,0.456105168,-0.170669449,0.392141787,0.954239691,0.018949421,0.018168685,0.817651398,0.267352322,0.338217622,0.021557707,0.578221564,44.222.621.242.617.400,0.702873708,0.481813888,0,869.090.528.323.538
0.476746002,0.322270749,0.919187619,0.44211248,-0.296313932,0.376104326,-0.491871741,0.675437564,0.919493023,0.137181163,0.935644599,0.756762946,-0.708626153,0.378467545,-0.280583313,0.595621823,0.840991214,0.020500907,0.063037446,0.254116891,0.758944096,0.341995651,0.0354416,0.1522467,36.327.084.544.697.500,0.350348598,0.660273973,0,7.038.255.586.126.520
0.645963111,0.744122459,0.852138402,0.555029605,-0.50748698,0.571133676,-0.867760567,0.850007105,0.780549824,0.199666254,0.980370621,0.701961572,-0.888215443,0.37436029,-0.174182464,0.379082404,0.971387755,0.014277293,0.024523685,0.145507814,0.382999607,0.289462731,0.001481432,0.424078122,4.467.431.262.943.930,0.668569849,0.460651866,0,8.803.162.866.555.470
0.538626784,0.351313428,0.848733693,0.572779875,-0.128626815,0.323823935,-0.707187718,0.631773487,0.766989994,0.166344121,0.802617681,0.802325385,0.390525572,0.376686689,-0.216313737,0.580168083,0.996208434,0.012560342,0.017684335,0.192863295,0.334374528,0.358803123,0.885187516,0.151093186,44.707.998.736.709.700,0.30610694,0.453660841,0,885.033.195.946.004
0.774508094,0.775818188,0.843379736,0.557646579,0.438945894,0.358564451,-0.931505534,0.482767041,0.778508358,0.196705243,0.765229192,0.862124597,-0.872366306,0.383447756,-0.545052657,0.534088333,0.905561323,0.01503878,0.024484398,0.271130834,0.008700977,0.341129114,0.007339916,0.306726496,4.472.552.616.704.180,0.763791917,0.438734058,0,8.792.415.092.717.840
0.53862983,0.347713315,0.848733693,0.531264798,-0.128626815,0.323823935,-0.906907601,0.623136699,0.767642193,0.166346783,0.802617681,0.802325385,0.390525572,0.376686689,-0.21869521,0.580168083,0.996208434,0.015107082,0.017716483,0.198522835,0.744794153,0.353855233,0.033070823,0.150446361,4.462.258.898.787.400,0.425692574,0.463202645,0,8.831.623.321.871.430
0.481019312,0.338411236,0.851529997,0.492619568,-0.404889274,0.097830333,-0.952443707,0.00118632,0.825068595,0.138510126,0.802576069,0.952877228,0.344799042,0.315797858,-0.323306682,0.579946505,0.84883573,0.01537793,0.017719453,0.16652984,0.744794153,0.343422752,0.850055144,0.146728825,4.133.644.167.284.480,0.267510416,0.536986301,0,8.117.101.251.920.740
0.532559575,0.744122459,0.864521212,0.468115773,-0.13403638,0.318185038,-0.868572959,0.394473801,0.780549824,0.199910411,0.985135485,0.862194878,-0.847873785,0.395704773,-0.244780295,0.474857497,0.912447389,0.014277293,0.024476949,0.168950758,0.539656441,0.292704129,0.001481432,0.40582611,4.453.345.074.175.370,0.623952088,0.470666037,0,8.780.382.897.271.930
0.579327253,0.830520811,0.864087227,0.851413519,-0.562025002,0.458606138,-0.86811222,0.144251557,0.769284304,0.206481089,0.802066038,0.801934353,-0.826570431,0.437532041,-0.423313335,0.369201819,0.968644178,0.014692851,0.006498786,0.323743519,0.270648216,0.300788375,0.002407867,0.475404383,4.467.281.122.951.520,0.747262061,0.451582428,0,8.780.022.142.609.510
0.47969993,0.349554199,0.843232793,0.719632155,-0.404889274,0.325773624,-0.706428503,0.57975975,0.840440595,0.138510126,0.802617681,0.952877228,0.390525572,0.316326246,-0.279371483,0.580168083,0.970360711,0.01537793,0.017719453,0.166374,0.744794153,0.367302636,0.81236089,0.337451089,3.998.382.627.350.750,0.290417806,0.57260274,0,7.821.450.434.153.600
0.452486222,0.329500451,0.852924228,0.629837623,-0.407100998,0.326280451,-0.934056497,0.040869433,0.919847763,0.155505751,0.802797451,0.331571278,-0.817628006,0.358906121,-0.18642823,0.46885769,0.948549804,0.020720156,0.000112159,0.314331386,0.25547323,0.364010133,0.03375955,0.1491557,3.736.233.137.223.110,0.465633442,0.632876712,0,7.207.544.822.786.870
0.774508094,0.778177003,0.843294643,0.557646579,0.438945894,0.358564451,-0.867554491,0.482767041,0.778508358,0.196705243,0.765229192,0.862124597,-0.872366306,0.383447756,-0.519419158,0.534088333,0.903322844,0.01503878,0.041230424,0.271130834,0.071400906,0.341129114,0.007339916,0.306726496,44.738.158.252.623.800,0.725431976,0.438450638,0,8.801.486.089.309.730
0.480070985,0.342001898,0.834047054,0.253261467,-0.230964522,0.348696687,-0.938403184,0.049360002,0.929586097,0.16730656,0.764961046,0.831374316,0.323432948,0.376686689,-0.295109731,0.580355418,0.819125377,0.015107082,0.014451253,0.286105639,0.04766992,0.341995651,0.000138372,0.152846276,3.741.402.730.306.760,0.53858009,0.621917808,0,7.186.321.064.294.710
0.537741199,0.771897814,0.829807681,0.282499597,0.928777522,0.224307849,-0.879117418,0.035122731,0.770871601,0.221135461,0.764775137,0.782836642,0.063991019,0.43723933,-0.29840975,0.400108369,0.907565068,0.00603015,0.021485458,0.202725718,0.004188793,0.367771972,0.000972419,0.620407081,4.478.039.246.037.790,0.833248375,0.42739726,0,8.768.102.728.686.230
0.480070985,0.342001898,0.834047054,0.388398239,-0.230964522,0.238339489,-0.938403184,0.049360002,0.919666845,0.16730656,0.802617681,0.759973186,0.323432948,0.37666921,-0.248457849,0.580355418,0.819125377,0.015107082,0.014451253,0.286105639,0.347989794,0.341995651,0.001425095,0.161325995,3.843.615.140.803.860,0.462608713,0.605479452,0,7.451.369.090.320.180
0.537741199,0.771897814,0.829807681,0.284173842,0.978717065,0.379291879,-0.937343721,0.081742803,0.770871601,0.222146005,0.764775137,0.772271397,0.05147639,0.435268605,-0.29840975,0.408319376,0.907565068,0.00603015,0.021485458,0.202725718,0.069899281,0.364047923,0.000972419,0.620407081,4.477.081.958.416.180,0.801699419,0.424657534,0,8.775.000.207.263.860
0.465172213,0.33459662,0.884286891,0.328221683,-0.417841535,0.325773624,-0.893316423,0.675526253,0.839823773,0.136517221,0.806566285,0.879540896,-0.814005045,0.363344349,-0.286368541,0.547948599,0.847548108,0.01942427,0.02209015,0.310521374,0.261037179,0.256765981,0.005821663,0.150446361,3.979.926.986.434.850,0.458029145,0.57260274,0,7.730.771.307.249.700
0.835968114,0.740826752,0.867846328,0.987338239,0.962858959,0.409012169,-0.691888013,0.692423646,0.840916089,0.296321591,0.897583196,0.857681541,-0.958640455,0.627392456,-0.164878922,0.544585636,0.989119279,0.019782545,0.137826469,0.746122969,0.48569475,0.351726617,0.029352779,0.625496897,446.706.584.118.681,0.560169628,0.421445442,0,8.826.176.705.166.000
0.514099678,0.732919092,0.869469834,0.556275121,-0.188635376,0.408214035,-0.87150441,0.076813211,0.780549824,0.199380982,0.801526758,0.400053567,-0.988979102,0.363704786,-0.283773616,0.504366652,0.120296771,0.014820814,0.089705795,0.22104606,0.128358225,0.366833882,0.011484041,0.444156034,4.468.076.435.356.650,0.409157325,0.451676901,0,8.840.035.205.951.380
0.78035221,0.800748565,0.849210135,0.984087599,0.897368554,0.581870726,-0.87850763,0.725024617,0.848768346,0.302582076,0.832408906,0.871020668,0.718431264,0.416390935,-0.31061845,0.387474324,0.952577857,0.019490323,0.008212298,0.819994705,0.334456925,0.338217622,0.021557707,0.578221564,446.815.635.213.793,0.669346374,0.4293812,0,880.583.538.870.157
0.453976337,0.953414481,0.831812915,0.511144047,0.337711366,0.380137969,-0.870445552,0.066784955,0.760087661,0.189454795,0.764997146,0.788579873,-0.799037995,0.615444199,-0.298339762,0.550518525,0.969157056,0.016872278,0.021637328,0.180844853,0.044143026,0.371484182,0.005455165,0.637130429,44.594.486.660.463.100,0.797368888,0.470666037,0,8.737.449.199.561.920
0.538844732,0.327634297,0.8529684,0.859474024,-0.296313932,0.3395639,-0.888823327,0.070402016,0.778634598,0.169576712,0.742185283,0.851474557,-0.917410121,0.476196958,-0.249182207,0.594953791,0.867541286,0.020554416,0.00152543,0.200993835,0.103946449,0.341229922,0.001063322,0.153349074,4.469.588.154.941.840,0.515593042,0.443268777,0,8.815.002.006.487.800
0.726727797,0.916803107,0.831134178,0.981813536,0.38534772,0.447654589,-0.827611246,0.024259901,0.866994228,0.113392658,0.878359642,0.804070045,0.691568731,0.357650985,0.090150752,0.464482428,0.996187385,0.014847818,0.001498251,0.30687746,0.39411517,0.406512415,0.016582774,0.156625549,3.710.018.307.085.810,0.63968372,0.62739726,0,7.153.391.156.058.230
0.536644767,0.799634159,0.86548382,0.474891701,0.958154157,0.361534841,-0.522511537,0.071889463,0.87012835,0.11628006,0.815391008,0.824217579,-0.933963369,0.364751623,-0.288236483,0.452983264,0.996510322,0.014814311,0.024504847,0.183381935,0.036853363,0.406632238,0.011396816,0.116979497,3.604.114.904.260.320,0.723196647,0.64109589,0,6.895.061.668.650.180
0.537741199,0.851642603,0.828114387,0.282499597,-0.409651177,0.23353362,-0.928526021,0.061999115,0.770976768,0.221461751,0.764775137,0.782836642,0.063991019,0.457006648,-0.411568361,0.401508108,0.907565068,0.00603015,0.000105055,0.193712408,0.004188793,0.363724878,0.000972419,0.646325164,44.732.347.910.745.100,0.871016606,0.42739726,0,8.750.583.577.243.180
0.480070985,0.346299195,0.834047054,0.572779875,-0.127679833,0.39177106,-0.878560765,0.15555085,0.826389503,0.110683114,0.897086882,0.831484403,0.390525572,0.360618346,-0.585679627,0.574466829,0.827849399,0.014563438,0.000642696,0.210915929,0.294183621,0.225080892,0.003691797,0.113278435,3.816.660.339.192.390,0.468727409,0.610958904,0,738.923.307.835.321
0.726727797,0.773983057,0.831134178,0.981813536,-0.345739407,0.359317893,-0.551120578,0.024125012,0.860819795,0.113392658,0.878359642,0.804070045,0.793076505,0.35549789,0.090150752,0.464482428,0.926278822,0.014847818,0.001498251,0.192988161,0.39411517,0.406512415,0.016582774,0.156625549,3.810.731.511.361.540,0.624197246,0.608219178,0,7.362.819.749.483.860
0.539049686,0.781849296,0.751868783,0.873028597,0.887490735,0.419121688,-0.915140476,0.72217836,0.747593628,0.051920028,0.805737469,0.895413492,0.707582515,0.354878178,-0.263570136,0.533080744,0.976226845,0.01997892,0.014424406,0.098159329,0.414946759,0.293810767,0.004929762,0.452810878,28.482.803.206.325.700,0.51517198,0.791780822,0,54.650.278.150.822
0.538336565,0.738136304,0.831083949,0.556643826,-0.260040129,0.391433716,-0.911798124,0.035593383,0.768322538,0.205923535,0.885193806,0.938778499,-0.885549174,0.414572284,-0.382445734,0.376994816,0.968835874,0.014243751,0.014580133,0.318145417,0.056100841,0.285822514,0.003017323,0.472517483,4.467.332.563.512.310,0.802833593,0.451299008,0,8.758.260.832.083.250
0.467067662,0.329500451,0.866568814,0.933664747,-0.487362855,0.326280451,-0.875137439,0.122058422,0.838835363,0.141052022,0.802797451,0.743603557,-0.805002738,0.730513188,-0.507901984,0.578188711,0.937934816,0.020646231,0.000158163,0.297124667,0.479003368,0.367634714,0.007584325,0.129454822,4.073.731.024.794.590,0.445415429,0.553424658,0,7.941.284.349.195.310
0.5381912,0.983128062,0.864421575,0.386078689,-0.255783341,0.314958398,-0.84148602,0.221012084,0.813477627,0.128283581,0.749093884,0.963788296,-0.8799976,0.141515976,-0.511773494,0.554856042,0.968969973,0.014066298,0.002420483,0.119731983,0.034572643,0.314210398,0.000222281,0.205934431,39.810.515.093.644.100,0.756359006,0.561643836,0,7.709.452.435.510.620
0.656830428,0.912769326,0.862259556,0.963915477,-0.274742652,0.241011068,-0.897004664,0.025524363,0.743476221,0.053609232,0.816006211,0.809696083,-0.761086276,0.360428907,-0.270985995,0.407025695,0.932453239,0.014288808,0.002811119,0.19841312,0.022686712,0.265620358,0.000911738,0.152496004,28.580.564.395.868.100,0.758931212,0.791780822,0,5.410.102.211.858.900
0.559006226,0.823550472,0.85030298,0.293171102,0.801259145,0.3893033,-0.877798724,0.106247325,0.831383693,0.145265686,0.939553716,0.806220163,-0.908307029,0.393615558,-0.236433687,0.391983539,0.837886481,0.014068676,0.006564956,0.145458363,0.005167938,0.545771428,0.068390562,0.141700031,40.451.691.231.182.500,0.775360078,0.550684932,0,7.823.075.104.877.640
0.722020479,0.76576444,0.864224683,0.550820209,0.390249661,0.416741221,-0.931738236,0.127839768,0.839726679,0.161453769,0.812727398,0.826507577,-0.89454572,0.373588928,-0.294912553,0.214507969,0.971512847,0.019610867,0.000409932,0.305602521,0.163581786,0.306268112,0.000921559,0.278684621,40.755.585.820.786.200,0.726586236,0.542465753,0,7.916.018.830.122.690
0.514099678,0.707238898,0.869309587,0.543760817,-0.372549387,0.264189204,-0.867840055,0.014721959,0.780549824,0.199311052,0.801297948,0.383109485,-0.990062358,0.363731682,-0.159479911,0.128367257,0.154661235,0.014468874,0.007353373,0.221569736,0.039329851,0.358593858,0.011484041,0.454606873,4.467.543.253.397.130,0.67043274,0.454038734,0,8.784.826.905.803.980
0.636849204,0.803595599,0.864144594,0.669694058,0.836998036,0.619755808,-0.935884655,0.035937302,0.816648324,0.085372185,0.765077509,0.829798468,-0.931527544,0.617375199,-0.209030851,0.456364936,0.986493195,0.019694635,0.000925756,0.169504511,0.409109502,0.348795091,0.019622299,0.298880807,34.163.198.005.207.000,0.575589936,0.671232877,0,6.573.511.926.027.390
0.538844732,0.327381802,0.850230206,0.438044468,-0.334194956,0.326823241,-0.891058394,0.040378491,0.778634598,0.169576712,0.813727589,0.851474557,-0.83515848,0.477555129,-0.320361822,0.594953791,0.858422429,0.020554416,0.000564374,0.200993835,0.232203873,0.298721787,0.001063322,0.1522467,4.470.214.746.416.040,0.483958438,0.446291923,0,8.826.425.503.595.950
0.5382863,0.939452066,0.863194461,0.973154148,-0.128756334,0.328845725,-0.839774899,0.694956459,0.836940064,0.266735535,0.801128941,0.857984659,-0.919162178,0.632983862,-0.512213005,0.557079118,0.946788222,0.014834551,0.019655562,0.283170979,0.76235718,0.363846559,0.000234038,0.752261994,44.678.382.451.646.200,0.650680773,0.446008503,0,8.804.386.390.620.550
0.476442584,0.346299195,0.835025056,0.572779875,-0.127679833,0.356527529,-0.813224611,0.15555085,0.836185968,0.110683114,0.899759487,0.801212954,0.376081748,0.360618346,-0.581583789,0.574818847,0.827849399,0.014641066,0.000635019,0.241317303,0.294183621,0.230999451,0.003691797,0.113278435,3.769.117.734.580.570,0.479518565,0.62739726,0,7.280.031.760.312.040
0.467910012,0.329500451,0.848729071,0.953731285,0.812401812,0.445693719,-0.873946531,0.025044131,0.867240953,0.140725732,0.912025791,0.314227949,-0.786352324,0.363402887,-0.511042471,0.549674332,0.937934816,0.020646231,0.00036051,0.280808846,0.054556236,0.367634714,0.03010696,0.150446361,39.332.361.088.014.700,0.521503335,0.591780822,0,7.599.862.512.800.350
0.479202322,0.350827897,0.856094333,0.344652679,0.392515526,0.327726454,-0.738271621,0.148664909,0.793602851,0.190122564,0.815372073,0.743640031,-0.723665318,0.418841538,-0.258470215,0.575610043,0.976634584,0.020503189,0.029384266,0.295044616,0.170337084,0.341465083,0.031771579,0.15214526,4.456.481.619.428.820,0.483552023,0.47189419,0,8.787.571.887.263.160
0.538844732,0.36251513,0.895956459,0.55963127,-0.334194956,0.326823241,-0.888823327,0.070193894,0.778634598,0.076975895,0.813842944,0.845222366,-0.83515848,0.356901351,-0.249182207,0.149645956,0.85827715,0.020554416,0.05160555,0.196922592,0.03765167,0.340600162,0.001063322,0.1522467,33.435.727.473.969.000,0.550436749,0.695890411,0,644.073.202.598.017
0.479202322,0.350827897,0.856094333,0.344652679,0.392515526,0.272144533,-0.878534818,0.147962354,0.793602851,0.190122564,0.815372073,0.399465701,-0.726104389,0.418841538,-0.263085404,0.449613921,0.97582496,0.020500716,0.018098336,0.303294936,0.021599627,0.341465083,0.030627166,0.15214526,4.459.372.956.254.540,0.515207105,0.47302787,0,8.780.752.571.792.650
0.533607716,0.751202345,0.869265201,0.27543059,-0.223193689,0.362917218,-0.865244458,0.159604931,0.780549824,0.184745214,0.993517019,0.418890682,0.525352504,0.38789681,-0.171327493,0.460206645,0.163157295,0.015346078,0.007646456,0.173537195,0.423925517,0.436173937,0.014102782,0.325221906,4.447.557.882.002.610,0.418873253,0.47047709,0,8.812.405.709.143.220
0.479202322,0.350827897,0.856094333,0.344652679,0.392515526,0.129176671,-0.878534818,0.147962354,0.793602851,0.076517464,0.766758025,0.399465701,-0.726104389,0.418841538,-0.263085404,0.449613921,0.97582496,0.020500716,0.018098336,0.303294936,0.021599627,0.341465083,0.015041185,0.15214526,31.625.877.957.816.100,0.553555074,0.731506849,0,6.056.486.662.165.230
0.726069462,0.792962123,0.851637022,0.450678085,-0.286347973,0.34597456,-0.943537935,0.018341494,0.83996485,0.169362459,0.904099807,0.866332996,-0.84080709,0.397967638,-0.45452154,0.32707119,0.977680749,0.015503888,0.018306848,0.170538862,0.162423193,0.299448898,0.000536824,0.240304775,4.177.708.013.597.860,0.718901477,0.520547945,0,8.144.338.174.694.530
0.726727797,0.735004015,0.894145414,0.898118193,0.295511136,0.343288203,-0.825099485,0.027463953,0.872656016,0.114581136,0.743346008,0.802534507,0.691568731,0.121634506,-0.281244773,0.089221242,0.937707912,0.014847818,0.002230774,0.133843878,0.026747428,0.40736784,0.01622101,0.160245805,3.597.281.120.971.160,0.774017091,0.646575342,0,6.866.285.469.348.170
0.562043998,0.947295637,0.848934361,0.397351681,0.385890023,0.260864075,-0.846224264,0.101607141,0.817491525,0.200647393,0.89128792,0.803936099,0.007084123,0.361563569,-0.233193485,0.502143258,0.995275092,0.014174386,0.021100996,0.180009019,0.010196004,0.550614965,0.000318998,0.275010248,4.457.526.847.465.850,0.823512729,0.471232877,0,8.735.205.008.259.070
0.480070985,0.346299195,0.862750197,0.515660078,-0.129898869,0.357482822,-0.878560765,0.15555085,0.874324241,0.110683114,0.869190507,0.801212954,-0.994517672,0.360618346,-0.608263424,0.401506454,0.955218737,0.014563438,0.000505502,0.201148747,0.02942099,0.225080892,0.002627972,0.113278435,3.634.007.499.949.630,0.550800078,0.665753425,0,6.962.633.542.421.040
0.480070985,0.346299195,0.862750197,0.510883588,-0.212098217,0.337439644,-0.878560765,0.043597525,0.82681302,0.110102995,0.899759487,0.801212954,0.411405526,0.360618346,-0.608263424,0.574818847,0.955530979,0.014549908,0.00114148,0.202154078,0.020324016,0.225080892,0.000722419,0.113278435,381.740.525.442.649,0.551579462,0.610958904,0,7.357.316.411.930.840
0.468791778,0.322812841,0.84784315,0.438162658,0.413994506,0.325725604,-0.904760348,0.070402016,0.868459936,0.154819105,0.855928671,0.441774497,-0.892959249,0.346999388,-0.298894712,0.404189742,0.99263454,0.019238719,0.002956812,0.296463853,0.140758083,0.340956225,0.001905171,0.171563847,395.823.624.582.676,0.511302305,0.57260274,0,7.662.615.190.151.690
0.467888443,0.329500451,0.850259442,0.392011939,-0.810707301,0.326280451,-0.856282341,0.088557692,0.867275126,0.110750241,0.912025791,0.333619724,-0.786352324,0.359224961,-0.135899436,0.437947395,0.917654149,0.020646231,0.000307821,0.316898822,0.476957945,0.367634714,0.029930108,0.1361002,3.617.841.906.640.960,0.423829678,0.663013699,0,6.981.613.224.303.600
0.554756911,0.804758392,0.86051772,0.599988629,0.414729275,0.390611447,-0.890038071,0.029725417,0.781689436,0.192742219,0.885078648,0.80207065,-0.969761542,0.418181026,-0.516444163,0.412693268,0.905561323,0.014274699,0.014772225,0.259103484,0.055830285,0.341129114,0.039097036,0.299528777,44.556.676.008.386.000,0.766805708,0.470949457,0,8.747.298.019.109.360
0.536210078,0.793084608,0.863938935,0.549434198,0.305655368,0.367978416,-0.942873441,0.378918978,0.824748153,0.145346977,0.821116103,0.83500301,-0.840339233,0.39899638,-0.266634087,0.404745945,0.972146249,0.014697335,0.000566301,0.163546203,0.047255726,0.358524989,0.001487099,0.347904157,39.858.658.489.356.600,0.813763509,0.561643836,0,7.685.439.690.049.700
0.46182754,0.739983228,0.848919637,0.531846307,-0.128464057,0.221054094,-0.873683095,0.036246828,0.826726868,0.107940329,0.77544101,0.824217579,-0.969830639,0.383348261,-0.289509027,0.39763309,0.963283174,0.014472601,0.013846698,0.184545997,0.009530272,0.401485132,0.001571813,0.066257219,3.766.721.442.622.290,0.706985733,0.610958904,0,7.242.971.011.028.170
0.466311733,0.544821782,0.8688017,0.545534709,-0.264640905,0.267476806,-0.927648971,0.052110532,0.780812198,0.199553038,0.797373532,0.400053567,-0.078254988,0.10192508,-0.281454691,0.131139933,0.11711799,0.01502117,0.003820282,0.162227009,0.113076392,0.304053494,0.020306134,0.458122622,4.467.687.556.377.660,0.48856027,0.462257912,0,8.823.936.708.144.680
0.509581171,0.954385135,0.848051423,0.337988721,-0.294947505,0.329970952,-0.999752651,0.028794232,0.76817289,0.155211463,0.857120479,0.686468261,-0.878143308,0.609830872,-0.597328869,0.365832155,0.934238875,0.014093234,0.002818582,0.137139088,0.034599764,0.431064311,0.004164753,0.123424787,4.348.453.331.087.790,0.735585108,0.490788852,0,8.538.502.932.760.120
0.578540955,0.925645158,0.991925753,0.260056446,0.958222101,0.24665774,-0.874030535,0.124007103,0.783178371,0.187163157,0.811119046,0.912279578,-0.826143511,0.617434235,-0.325899879,0.462041454,0.933388405,0.018594159,0.001008339,0.165420991,0.415548125,0.360600893,0.019698929,0.331934522,445.256.535.783.014,0.559488299,0.470004724,0,8.788.822.041.865.800
0.467910012,0.329500451,0.848762723,0.949122175,0.812401812,0.326280451,-0.875720094,0.024774982,0.839924083,0.140089699,0.912025791,0.283413438,-0.905746445,0.359224961,-0.511042471,0.549674332,0.94162921,0.020352246,0.00500225,0.321429269,0.055705164,0.363663499,0.007584325,0.120188011,40.537.006.079.374.400,0.536818175,0.564383562,0,7.856.813.740.969.940
0.471165542,0.544821782,0.8688017,0.545534709,-0.276958147,0.267476806,-0.927648971,0.05147128,0.780812198,0.199553038,0.797373532,0.400053567,-0.80894568,0.10192508,-0.350747702,0.131139933,0.11711799,0.01502117,0.003987626,0.162227009,0.131915755,0.301879795,0.007451121,0.458122622,4.466.821.116.848.800,0.500610196,0.460273973,0,8.823.824.900.761.330
0.722577195,0.718627345,0.848747738,0.282469306,0.414990207,0.319783741,-0.784522029,0.740067189,0.775869718,0.075376414,0.809853232,0.857174022,-0.989627697,0.656037528,-0.616012783,0.55090649,0.977581193,0.019744372,0.018660329,0.213864255,0.022921466,0.442806846,0.002395037,0.298505414,32.344.637.913.913.100,0.761424796,0.712328767,0,6.151.979.422.906.160
0.753271189,0.930668448,0.860399224,0.461999906,0.956147572,0.402325889,-0.974512725,0.078908438,0.780672747,0.139416434,0.860473567,0.85717511,-0.829651824,0.752191694,-0.589934708,0.15061684,0.933978186,0.019831261,0.002930426,0.181954305,0.021264145,0.547106091,0.00345547,0.287422824,4.224.517.420.637.470,0.816919854,0.512328767,0,8.224.397.485.013.710
0.766125066,0.946200322,0.863363972,0.939531524,0.532079247,0.579383398,-0.807450988,0.131841358,0.769943186,0.199834886,0.828604394,0.825982286,-0.890977697,0.414673245,-0.084155319,0.555564351,0.933831028,0.019402257,0.005249589,0.193126923,0.037525292,0.347128205,0.003338203,0.668925459,4.466.580.632.801.900,0.814362683,0.454794521,0,8.770.079.377.321.520
0.540579035,0.916803107,0.892538018,0.99807992,0.309474332,0.325479422,-0.984781219,0.12832058,0.826916062,0.120734286,0.937304962,0.834222075,-0.975464018,0.289876778,-0.579239744,0.463821435,0.924790474,0.014691944,0.000382532,0.193220735,0.013958898,0.447542068,0.005361608,0.271963751,3.772.048.471.206.730,0.851950491,0.602739726,0,7.213.481.771.836.710
0.43587504,0.33686877,0.864596712,0.273887668,0.04440777,0.35391189,-0.84494588,0.029587267,0.787662585,0.169372324,0.846106412,0.406831613,-0.971707607,0.346950255,-0.503659272,0.380606052,0.99823267,0.015224991,0.003770208,0.277996145,0.011111251,0.310655623,0.02368297,0.080897547,4.428.679.875.273.390,0.527069415,0.490410959,0,8.685.915.750.567.590
0.725329488,0.99572769,0.865978127,0.560359756,0.822570064,0.389666443,-0.890216545,0.67575218,0.814925344,0.082149774,0.880131812,0.894860721,0.700823537,0.384331368,-0.174476942,0.545419544,0.916456328,0.01498073,0.002419334,0.131603974,0.004940534,0.495580691,0.052404958,0.252214502,3.433.039.082.569.220,0.776091129,0.671232877,0,654.706.361.786.728
0.741372226,0.999786135,0.861017989,0.282507447,-0.245568261,0.406371198,-0.969009964,0.070548618,0.764748445,0.190129922,0.811278822,0.805609298,-0.917931379,0.465573895,-0.695568832,0.412601774,0.969720987,0.019999946,0.021755737,0.283139858,0.768312785,0.400347314,0.006146383,0.543926122,4.466.460.758.377.970,0.611755914,0.457439773,0,8.817.079.244.912.650
0.531764756,0.993598224,0.868508585,0.953312822,0.942496293,0.376100396,-0.927027708,0.083178546,0.780812198,0.199553038,0.8241153,0.802846016,-0.099158477,0.099516807,-0.284132665,0.412415964,0.059414903,0.01502117,0.003820282,0.207909074,0.133827269,0.364007757,0.020361278,0.457267419,4.459.508.917.848.420,0.443916615,0.460179499,0,8.838.005.889.936.900
0.717800568,0.886926692,0.849260869,0.51495461,0.941868259,0.332675215,-0.878941125,0.001603432,0.764486882,0.058754385,0.812295003,0.808035397,-0.891098555,0.348605921,-0.516842461,0.417579818,0.937478743,0.014922784,0.000111855,0.183660165,0.107925522,0.35250723,0.000951422,0.081144373,3.016.013.488.933.180,0.698114952,0.761643836,0,574.367.573.733.849
0.707289982,0.920730947,0.86333462,0.960240497,0.950556316,0.513636585,-0.827611246,0.11706187,0.839991367,0.113662383,0.889672961,0.730081324,0.686530567,0.357650985,-0.186439994,0.529974252,0.999130845,0.014847226,0.000940012,0.30687746,0.06717463,0.408852244,0.000303388,0.144083786,37.153.000.385.660.900,0.813689643,0.621917808,0,7.109.016.577.315.790
0.463308208,0.34773688,0.84974006,0.949122175,0.964646367,0.401287132,-0.875720094,0.024774982,0.839924083,0.118914629,0.912025791,0.327569931,-0.905746445,0.373682177,-0.509947868,0.549674332,0.94162921,0.020352246,0.004240187,0.321429269,0.483344119,0.363663499,0.030196632,0.113727102,3.864.145.918.268.720,0.438792567,0.610958904,0,749.312.969.540.534
0.61677943,0.920368298,0.848919637,0.42470483,-0.115784804,0.248887932,-0.87484771,0.05637317,0.826726868,0.108707674,0.905731855,0.824217579,-0.9337454,0.334475539,-0.246581449,0.456205628,0.966688795,0.014890908,0.013838428,0.179701239,0.009963768,0.401258611,0.009206017,0.071587749,38.022.894.832.518.800,0.752696113,0.605479452,0,7.321.033.457.064.220
0.791461265,0.732791353,0.888394934,0.225465983,-0.254582975,0.290803482,-0.735452865,0.130724711,0.768311353,0.166696146,0.937698919,0.822626426,-0.894773995,0.364976854,-0.28217801,0.215846288,0.958057138,0.02125092,0.001799265,0.185692665,0.004508777,0.364447516,0.014584077,0.295664118,4.454.337.400.284.680,0.739994466,0.470382617,0,8.760.702.884.723.630
0.467910012,0.329500451,0.848729071,0.997636013,0.820032419,0.442723208,-0.87326148,0.068500906,0.819457706,0.140725732,0.941076353,0.645546523,-0.885567394,0.363450001,-0.307249246,0.550173241,0.922179286,0.020683156,0.00266122,0.280808846,0.021176118,0.375188537,0.03010696,0.150446361,416.140.475.192.217,0.530116868,0.534246575,0,8.092.940.523.960.040
0.43587504,0.33686877,0.864596712,0.273887668,-0.127281107,0.35391189,-0.84494588,0.029587267,0.787662585,0.182872468,0.846106412,0.406831613,-0.971707607,0.346950255,-0.503659272,0.380606052,0.99823267,0.014794716,0.003770208,0.277996145,0.011099896,0.310655623,0.009722569,0.080897547,4.460.942.848.115.080,0.525471028,0.478885215,0,8.765.472.392.150.800
0.635475866,0.980511728,0.864440724,0.99722829,0.991328278,0.292359942,-0.922973306,0.04039868,0.771674661,0.182312557,0.90393345,0.804600459,-0.886263145,0.430964208,-0.261851803,0.185216347,0.871955362,0.014853186,0.000507915,0.203495128,0.021542263,0.365343631,0.000395446,0.341546682,44.560.435.114.828.000,0.845280362,0.471138403,0,8.740.550.048.339.360
0.43587504,0.385542074,0.864596712,0.573951244,-0.188464175,0.382319971,-0.84494588,0.259706048,0.814378076,0.185382569,0.881531871,0.794729287,-0.970352637,0.375377291,-0.685155287,0.422425563,0.996446097,0.014998199,0.001651677,0.300611234,0.007128886,0.361981231,0.001560318,0.080897547,4.428.019.211.569.850,0.605956413,0.490033066,0,8.669.587.633.832.460
0.727633222,0.88262034,0.865241799,0.55422352,0.21989119,0.416976582,-0.886532876,0.040298287,0.824941577,0.154224402,0.907315427,0.810798929,-0.943318961,0.6259428,-0.594049063,0.540400155,0.995869399,0.015255535,0.001543406,0.249301871,0.019012146,0.368114609,0.003898139,0.152099637,4.128.100.842.491.530,0.816756461,0.531506849,0,8.010.212.208.958.220
0.596714933,0.794078972,0.880259705,0.534743378,0.357231918,0.371524952,-0.785018299,0.021516799,0.809853528,0.074626588,0.813039088,0.874447633,-0.985340122,0.646522488,-0.192722119,0.475153474,0.967531231,0.019984348,0.001952909,0.213864255,0.720877889,0.333743016,0.003059447,0.278944543,3.210.413.768.081.460,0.488508942,0.715068493,0,61.855.964.037.321
0.58526268,0.907237108,0.937707145,0.98331606,0.774795534,0.327028989,-0.871450152,0.686752837,0.836892598,0.266735535,0.80960735,0.856769506,-0.726319925,0.4342464,-0.063563666,0.549693014,0.946788222,0.014834971,0.020883647,0.283175517,0.76235718,0.363623601,0.092619981,0.758742101,4.469.397.553.354.240,0.611765246,0.441190364,0,8.813.366.446.352.630
0.463421572,0.329500451,0.86518819,0.854082115,0.378731693,0.418245731,-0.937519116,0.025050081,0.820532149,0.140335826,0.636341,0.805110233,-0.824471836,0.34703133,-0.519684406,0.566409528,0.967263755,0.019650183,0.000481943,0.303309373,0.019829324,0.367969821,0.00138036,0.152790226,4.094.021.619.231.770,0.554866857,0.550684932,0,7.939.575.182.294.350
0.538455992,0.942707863,0.847917878,0.243375219,0.959960101,0.274217237,-0.639611304,0.042221992,0.808022106,0.197313622,0.813237681,0.805495096,0.565427986,0.241220753,-0.267741992,0.545275741,0.985564228,0.014540857,0.061795628,0.108065989,0.001020105,0.374842288,0.015005174,0.516568192,4.423.963.124.851.930,0.782717882,0.481152574,0,8.671.474.102.870.680
0.463421572,0.353909789,0.86518819,0.854082115,0.814845203,0.418245731,-0.841462512,0.059940274,0.819472773,0.140335826,0.911132764,0.805085805,-0.785654653,0.369428038,-0.519684406,0.549674332,0.968888451,0.019650183,0.000473978,0.303854164,0.019829324,0.368181283,0.03010696,0.152790226,41.378.098.229.513,0.569263867,0.545205479,0,8.035.994.126.731.390
0.709116399,0.726172937,0.84709254,0.28427378,0.979424056,0.32323426,-0.93958553,0.673625049,0.781863587,0.066247944,0.810057763,0.85672076,-0.951643862,0.74930048,-0.279728489,0.454135044,0.959277076,0.019278663,0.017817328,0.186509555,0.002662748,0.36589022,0.000340704,0.325027664,30.608.785.878.991.000,0.774861848,0.750684932,0,5.788.724.844.936.850
0.58526268,0.987907099,0.865645802,0.452838183,0.224585631,0.327028989,-0.836786725,0.033046501,0.836735798,0.266735535,0.844629439,0.848462391,-0.952324219,0.383270351,-0.18090388,0.468629895,0.938509264,0.014838106,0.020371799,0.269209056,0.53990793,0.363846559,0.000268994,0.762260329,4.468.761.159.631.130,0.694330195,0.442607463,0,8.796.211.244.777.580
0.467910012,0.329500451,0.848729071,0.523900823,0.820032419,0.442723208,-0.994431627,0.029090561,0.808000336,0.140725732,0.903633997,0.314227949,-0.869882873,0.363567692,-0.178378822,0.550173241,0.922179286,0.020772577,0.00266122,0.280758134,0.020451076,0.375188537,0.122311084,0.150446361,4.211.794.795.466.510,0.483897878,0.520547945,0,8.214.656.369.639.380
0.602106742,0.996421295,0.750874549,0.98331606,-0.145245748,0.419212318,-0.871450152,0.670409395,0.836892598,0.266735535,0.806142231,0.858671798,-0.732312328,0.438211393,-0.18088918,0.557079118,0.882292134,0.014835791,0.043425177,0.283175517,0.76235718,0.363846165,0.092619981,0.752261994,446.895.944.932.505,0.596684909,0.441001417,0,8.815.272.814.224.560
0.561902406,0.962121213,0.865585186,0.573475529,0.413790808,0.319160604,-0.889117967,0.088599499,0.820285763,0.164701083,0.812507966,0.794977439,-0.869431952,0.630300607,-0.356874231,0.567923649,0.915620687,0.014817891,0.001721215,0.179639748,0.00609946,0.495580691,0.004546107,0.253648048,4.220.881.740.245.330,0.861281623,0.512328767,0,8.195.036.701.875.430
0.43587504,0.385542074,0.864369847,0.573951244,-0.188464175,0.382319971,-0.845324208,0.267759726,0.814378076,0.1979695,0.881531871,0.746637411,-0.809455874,0.375377291,-0.685155287,0.422425563,0.996782497,0.014998199,0.001651677,0.300611234,0.001815032,0.361731664,0.000936164,0.080897547,4.457.406.487.028.500,0.592008202,0.485403873,0,87.469.882.039.446
0.794687489,0.732791353,0.888279423,0.269600295,-0.254582975,0.290803482,-0.735452865,0.130724711,0.781108558,0.067426067,0.811600244,0.822626426,-0.894640622,0.364976854,-0.28217801,0.215846288,0.958057138,0.02125092,0.001799265,0.185692665,0.004792459,0.364447516,0.014584077,0.298008576,316.976.896.691.817,0.74899382,0.731506849,0,6.024.031.345.216.070
0.43587504,0.385542074,0.864340892,0.573841935,-0.188464175,0.382319971,-0.845324208,0.049291138,0.816056862,0.13667555,0.892186691,0.746637411,-0.810309667,0.101762197,-0.685155287,0.361101928,0.996782497,0.014113579,0.001736751,0.300611234,0.001815032,0.361731664,0.000936164,0.080897547,4.025.208.660.746.380,0.62885302,0.561643836,0,7.768.088.031.076.030
0.724677139,0.852370008,0.889739768,0.56074803,-0.367606121,0.386846151,-0.783710969,0.133695425,0.874560804,0.124421727,0.772981444,0.831297437,-0.805723175,0.378362304,-0.091239195,0.257982196,0.947320637,0.01513823,0.001829454,0.205890606,0.004823967,0.256650851,0.002404445,0.253648048,35.877.013.816.689.000,0.800390148,0.643835616,0,6.845.485.423.925.440
0.812332656,0.999049768,0.879280863,0.153721723,0.945525358,0.32171605,-0.841583723,0.739006206,0.838829659,0.296321591,0.816690867,0.86705596,0.012518531,0.390181137,-0.149794252,0.378628455,0.090702913,0.019906871,0.199455674,0.836921778,0.181223145,0.382328668,0.008819706,0.627902326,4.468.901.338.493.110,0.307542632,0.424185168,0,8.861.376.177.401.030
0.43587504,0.385542074,0.864539582,0.382793056,-0.396570724,0.296141094,-0.943061005,0.031492148,0.814378076,0.114049488,0.881531871,0.080447991,-0.971707607,0.40664157,-0.671040827,0.340355841,0.996465118,0.01493258,0.000554145,0.29924347,0.004257156,0.360779727,0.001538581,0.080897547,38.138.780.859.194.100,0.627700052,0.602739726,0,732.157.197.020.082
0.43587504,0.33686877,0.865909971,0.273887668,0.036316036,0.264520003,-0.862714081,0.029587267,0.787662585,0.140527712,0.849580667,0.406831613,-0.989858765,0.346950255,-0.577197965,0.366423495,0.146237204,0.015224991,0.003770208,0.281247406,0.011446803,0.310655623,0.022673341,0.061610353,4.245.755.168.975.260,0.461229421,0.512328767,0,8.300.336.877.483.480
0.612998573,0.777031243,0.892179674,0.683858839,0.414252144,0.296054543,-0.816138264,0.731996843,0.781056742,0.185342303,0.950929956,0.930030963,0.636778051,0.567267036,-0.441605643,0.576331929,0.976050827,0.014289,0.014558155,0.199774256,0.005240927,0.447968514,0.00506089,0.363688151,446.649.290.054.955,0.822415341,0.466320265,0,8.760.204.342.380.310
0.539983279,0.943233576,0.860433006,0.470097717,-0.242963637,0.478045705,-0.975042428,0.659563765,0.765621126,0.063623022,0.80828272,0.858965471,0.873071968,0.373865328,-0.145928495,0.536638926,0.92719786,0.014680519,0.001959537,0.200705234,0.027094906,0.363414353,0.003336807,0.366411449,30.259.129.535.803.400,0.829634896,0.756164384,0,5.707.840.804.324.340
0.463421572,0.368513554,0.86518819,0.854082115,0.814847876,0.418245731,-0.937519116,0.722469189,0.816640905,0.140335826,0.911132764,0.805085805,-0.785654653,0.369428038,-0.519684406,0.540723113,0.968888451,0.019650183,0.000481943,0.303854164,0.019829324,0.368181283,0.03010696,0.152892691,4.142.397.120.718.330,0.572236531,0.539726027,0,804.927.526.859.251
0.539983279,0.943233576,0.860433006,0.470097717,0.382850647,0.478045705,-0.975042428,0.659563765,0.765868693,0.063147827,0.80828272,0.858965471,0.873071968,0.632940743,-0.145928495,0.536638926,0.92719786,0.014680519,0.001959537,0.200705234,0.027094906,0.363414353,0.003336807,0.366411449,3.057.400.551.569.020,0.762965298,0.750684932,0,5.802.457.627.304.620
0.461437324,0.940171412,0.906673596,0.973154148,0.157638056,0.415051512,-0.924392235,0.039476408,0.848190553,0.265803435,0.865276575,0.80926891,-0.758711396,0.282823599,-0.193630069,0.527975052,0.095657148,0.014375384,0.044513605,0.280720187,0.742316541,0.367115099,0.00857143,0.632087641,4.466.881.585.204.560,0.402735941,0.442418517,0,8.864.605.180.377.790
0.43587504,0.33686877,0.864560266,0.274604086,-0.12704244,0.35391189,-0.84494588,0.029587267,0.787662585,0.142532322,0.872319583,0.406831613,-0.971647098,0.346950255,-0.503659272,0.374747776,0.99496971,0.014794716,0.003770208,0.277996145,0.011099896,0.309967228,0.000246169,0.081111432,4.256.317.627.870.200,0.564134078,0.512328767,0,8.291.876.250.937.440
0.463421572,0.329500451,0.86518819,0.854082115,0.378731693,0.391009553,-0.937519116,0.025050081,0.820532149,0.125843276,0.636341,0.804271537,-0.82346028,0.34703133,-0.519684406,0.567329391,0.967263755,0.019650183,0.000481943,0.303309373,0.003312046,0.367969821,0.000436272,0.152790226,39.543.336.800.754.400,0.561054221,0.580821918,0,7.638.628.812.843.960
0.467910012,0.321724352,0.851344765,0.988594906,-0.297860059,0.437114417,-0.876556643,0.074911018,0.809781156,0.140708287,0.943204942,0.843168995,-0.885567394,0.366440964,-0.579240578,0.423019346,0.922179286,0.020683156,0.000938052,0.280808846,0.007800528,0.374970019,0.000670237,0.139209408,4.210.179.072.672.660,0.539958858,0.520547945,0,8.196.670.901.412.630
0.61440657,0.940171412,0.906408077,0.973154148,0.876566922,0.415051512,-0.851345458,0.039476408,0.846703121,0.265803435,0.865276575,0.80926891,-0.747361176,0.380545906,-0.200151079,0.527975052,0.072941322,0.014375384,0.044513605,0.281463912,0.753869253,0.374950732,0.008303763,0.632087641,44.684.623.608.066.500,0.391443438,0.432026453,0,8.870.783.165.353.870
0.575009324,0.91683828,0.893012914,0.553115994,0.439510818,0.165259937,-0.984781219,0.154523957,0.826870117,0.137740592,0.900650642,0.312715395,-0.879989122,0.363196919,-0.579239744,0.549291765,0.97819876,0.014981698,0.011520444,0.193492674,0.007745124,0.450862424,0.000285027,0.275111538,3.929.180.187.620.270,0.854274455,0.57260274,0,7.555.853.833.271.870
0.687720768,0.966835856,0.865201228,0.328870119,0.794802658,0.409476181,-0.752573902,0.049730014,0.775603438,0.181164214,0.809967781,0.443029712,-0.675385341,0.627635293,-0.604332075,0.46088022,0.210875246,0.019821859,0.006194848,0.316721753,0.423925517,0.5802395,0.004502973,0.334259777,4.466.345.335.561.240,0.48404056,0.458101086,0,884.372.048.330.066
0.603020831,0.930396401,0.863576006,0.984060735,-0.362207104,0.262218298,-0.872808072,0.029818844,0.756569578,0.04991405,0.86758186,0.863399292,-0.827027933,0.402265347,-0.497549601,0.481626991,0.948650199,0.014643734,0.000470185,0.192801478,0.004000085,0.367113869,0.001476689,0.332965891,25.541.931.466.679.000,0.867054252,0.821917808,0,4.748.385.488.020.720
0.578309843,0.971928211,0.863755407,0.485438801,0.920361042,0.329963337,-0.881953833,0.045623388,0.782682867,0.061832317,0.86233543,0.857736885,-0.981597905,0.3983499,-0.134248968,0.417474444,0.94294031,0.01490019,0.002249857,0.183660165,0.108331009,0.352318234,0.000954549,0.081144373,30.480.336.879.037.700,0.684558443,0.750684932,0,581.597.066.736.332
0.61440657,0.992000227,0.906408077,0.973154148,0.876566922,0.415051512,-0.815048406,0.077861083,0.846703121,0.265803435,0.865276575,0.939617989,-0.693599006,0.379980229,-0.200151079,0.527975052,0.095657148,0.014375384,0.044513605,0.281463912,0.742316541,0.374950732,0.008303763,0.632087641,4.468.126.246.454.190,0.404857189,0.434860652,0,8.867.022.250.449.590
0.43587504,0.385542074,0.864542313,0.573951244,-0.18770825,0.382473676,-0.84494588,0.028609241,0.814925521,0.159245587,0.780664542,0.794729287,-0.970352637,0.375377291,-0.685155287,0.434538918,0.994614449,0.014193472,0.001651677,0.300611234,0.007128886,0.361981231,0.001037415,0.080897547,4.235.843.177.741.080,0.627021957,0.515068493,0,8.231.056.687.059.380
0.61509344,0.777031243,0.849663334,0.272842146,0.391165145,0.296064927,-0.816138264,0.731996843,0.781056742,0.184212549,0.72728049,0.792426429,-0.838978788,0.567030742,-0.441605643,0.578769193,0.976050827,0.014289,0.014558155,0.169153273,0.005240927,0.447968514,0.001367141,0.338673979,4.466.943.066.650.590,0.828981957,0.462163439,0,8.758.986.514.401.740
0.5852065,0.995832627,0.848770908,0.416235606,-0.160311982,0.268349274,-0.994628923,0.03233613,0.808243462,0.086582415,0.696884809,0.915959045,0.697724393,0.369813866,-0.148449847,0.553077036,0.988338737,0.014313999,0.002611617,0.247269544,0.015470809,0.408405691,0.003657144,0.754043137,3.442.542.316.994.850,0.894286346,0.676712329,0,6.521.063.425.248.550
0.814305233,0.999273712,0.937707145,0.98331606,-0.121931734,0.36592139,-0.852670374,0.599825495,0.838851682,0.266735535,0.843845896,0.830607737,0.019972749,0.469519847,-0.380164967,0.557079118,0.944771013,0.014888961,0.020883647,0.289965397,0.76235718,0.363398963,0.092619981,0.752261994,4.466.088.941.596.600,0.582418608,0.450543222,0,8.821.253.247.505.750
0.548508075,0.991815167,0.903034583,0.966939385,-0.428490568,0.403875643,-0.925561921,0.052998783,0.781213789,0.194642322,0.77097475,0.885781298,-0.899334298,0.376352469,-0.677355425,0.359668195,0.971323671,0.015129165,0.019377199,0.302896289,0.153384315,0.369011714,0.00506004,0.322736519,4.455.072.074.219.370,0.773500023,0.470571564,0,8.751.274.957.706.230
0.734120308,0.70732252,0.860460379,0.98600242,-0.481691483,0.253753364,-0.993789086,0.042131377,0.773113914,0.168540017,0.867872405,0.898224044,-0.800832709,0.362054247,-0.222289623,0.356389191,0.916234912,0.014823833,0.007464621,0.159656839,0.424442189,0.353349683,0.001668289,0.142373337,4.466.550.920.969.500,0.620666135,0.460935286,0,8.813.311.378.642.530
0.537528524,0.999099134,0.860045617,0.530538699,-0.006427979,0.24300649,-0.814302069,0.018470935,0.821325251,0.226989762,0.833952148,0.88103855,-0.773466221,0.576960711,-0.246371086,0.566984381,0.936034273,0.014154937,0.001914337,0.329167924,0.014536033,0.374029486,0.000231866,0.337009923,4.451.672.759.588.680,0.851788735,0.470004724,0,8.730.808.036.185.460
0.584553197,0.991070056,0.849155564,0.990595322,0.70859347,0.338232974,-0.843706178,0.016036731,0.819322807,0.082354634,0.765371488,0.858267554,0.697724393,0.434926561,-0.148119132,0.546804807,0.983433413,0.015000244,0.000563591,0.265111932,0.017643112,0.538657962,0.003657144,0.513223112,33.720.572.601.884.800,0.872099516,0.693150685,0,6.380.738.807.873.570
0.581324094,0.947240371,0.866543435,0.266060254,-0.259961956,0.297203761,-0.839989019,0.037455834,0.813040956,0.138734158,0.879083513,0.810129082,-0.887972166,0.338470252,-0.683254831,0.423108775,0.996977672,0.014845178,0.000972734,0.202770118,0.004143392,0.565886553,0.002936935,0.351844202,3.927.048.209.737.380,0.900099324,0.561643836,0,7.542.708.703.313.060
0.720011823,0.912625042,0.848770908,0.92367382,-0.275711663,0.237395623,-0.843706178,0.005412963,0.81873903,0.082354634,0.766817796,0.856756219,0.727203493,0.41496077,-0.148119132,0.538149314,0.983433413,0.015253418,0.000584334,0.187451155,0.017643112,0.406286209,0.003657144,0.383913655,3.439.172.196.583.990,0.818687155,0.676712329,0,6.543.762.389.592.010
0.5852065,0.929947065,0.848770908,0.416235606,-0.164029723,0.23383048,-0.994628923,0.029949031,0.809406255,0.063332144,0.688223055,0.753463232,0.697724393,0.386683737,-0.148119132,0.553077036,0.987670445,0.014313999,0.002611617,0.200715728,0.015470809,0.408405691,0.003657144,0.754043137,31.504.254.975.643.400,0.882285194,0.742465753,0,592.906.977.540.495
0.43587504,0.385542074,0.865662887,0.371472961,-0.394560632,0.384763473,-0.844885975,0.025543096,0.815264784,0.14063788,0.881008508,0.746637411,-0.98943211,0.403058101,-0.520064952,0.495412313,0.996446097,0.015115837,0.000743436,0.301203823,0.004067804,0.36272729,0.001571645,0.080897547,4.118.067.669.540.800,0.627998435,0.547945205,0,7.970.850.272.343.270
0.548341053,0.929199202,0.848802339,0.505624255,-0.221394048,0.152686738,-0.963331099,0.045947091,0.841659699,0.110620328,0.767807224,0.882703306,-0.917339362,0.369041303,-0.026805654,0.446106259,0.937123556,0.014730968,1.06E+11,0.214975636,0.000283778,0.404136615,9.56E+10,0.311622195,3.568.299.381.120.870,0.869848671,0.64109589,0,6.770.815.846.773.750
0.73498617,0.827704037,0.865767979,0.331331408,-0.232423313,0.422906163,-0.832580356,0.286853036,0.7733611,0.172531262,0.699228583,0.864161266,-0.86063278,0.351504459,-0.375321652,0.522835085,0.993412742,0.014678707,0.003841018,0.181187231,0.069589702,0.375618543,0.012803749,0.156315437,4.453.447.003.781.530,0.756943653,0.473216816,0,8.758.606.045.101.550
0.539710741,0.997923679,0.896997335,0.553122699,0.943828075,0.380300731,-0.351531119,0.044906018,0.780863593,0.184373432,0.860785426,0.785311543,-0.994598281,0.507460277,-0.266080873,0.083511918,0.97871448,0.014691517,0.00242552,0.299389133,0.004678877,0.545894134,0.000316585,0.31697478,4.457.653.270.776.290,0.902928389,0.460085026,0,8.722.888.594.193.470
0.550431803,0.999755336,0.867379016,0.305399715,0.962122579,0.324155171,-0.905080347,0.069256204,0.748951385,0.054203075,0.672303005,0.886476729,-0.795204118,0.405152556,-0.324350856,0.423269446,0.93728852,0.014040283,0.000122299,0.130587286,0.008040487,0.359980446,0.001161767,0.375373651,26.114.167.179.380.500,0.859973732,0.808219178,0,4.863.554.297.417.820
0.668084386,0.953540101,0.865321888,0.540737874,-0.252894084,0.386672659,-0.878688597,0.081304005,0.780616246,0.158017624,0.873896674,0.868827921,-0.987602427,0.606721023,-0.347975943,0.462835314,0.994783399,0.014949116,0.035859693,0.121791716,0.003247175,0.485926903,0.00224349,0.060603636,4.347.356.661.705.180,0.732681937,0.490505432,0,854.416.448.379.179
0.5852065,0.929947065,0.848780817,0.416235606,-0.164029723,0.381058721,-0.994628923,0.029949031,0.815280315,0.141753485,0.678733817,0.753463232,0.697724393,0.386846491,-0.148119132,0.553077036,0.987670445,0.014352879,0.002611617,0.200715728,0.015470809,0.408405691,0.003657144,0.754043137,41.433.619.356.641.100,0.884866866,0.531506849,0,8.003.275.548.914.750
0.728317368,0.799066406,0.90361807,0.66816254,-0.198679873,0.298144563,-0.83854418,0.218248674,0.824780223,0.12698668,0.924935448,0.80630582,-0.85804012,0.359672492,-0.37665094,0.329325538,0.996992457,0.016302605,0.001724389,0.181431222,0.014637472,0.363991152,0.000426343,0.228263734,3.913.690.142.581.760,0.803810162,0.580821918,0,7.542.941.109.211.080
0.731231535,0.841421732,0.867326294,0.276943707,-0.601832001,0.3028954,-0.885005499,0.053875025,0.796096948,0.070879557,0.779376248,0.857449144,-0.878168137,0.183760355,-0.598528342,0.392151412,0.97450932,0.014676965,0.013892594,0.17579153,0.00092212,0.361245018,8.15E+10,0.161922811,31.637.836.843.966.900,0.800049056,0.726027397,0,5.985.371.242.074.890
0.549514672,0.799066406,0.904533395,0.636769198,-0.198679873,0.298144563,-0.839642426,0.02189611,0.869466984,0.122822407,0.918451073,0.80630582,-0.936723523,0.381684476,-0.150516264,0.329325538,0.997018941,0.016284691,0.001724389,0.099708324,0.014637472,0.363991804,0.001494406,0.228263734,36.992.128.863.526.300,0.733954103,0.621917808,0,7.110.232.443.984.530
0.594931525,0.915488166,0.842240445,0.472264951,-0.270308655,0.409538249,-0.843765537,0.591348026,0.816572169,0.083010894,0.845013829,0.863067831,0.678356047,0.41496077,-0.14767982,0.538189334,0.923709408,0.014690639,0.001288501,0.288605823,0.017798374,0.436964021,0.003632345,0.650259597,33.397.197.444.207.600,0.875197173,0.701369863,0,63.158.992.966.991
0.587183415,0.915348563,0.865245671,0.956470772,0.123538284,0.415178222,-0.357710569,0.180444025,0.780817303,0.199553038,0.8241153,0.811846164,-0.09426851,0.60015684,-0.276035012,0.412415964,0.09307861,0.015029621,0.003268429,0.210044149,0.132788945,0.36746571,0.020942998,0.457267419,4.466.537.670.396.380,0.503035425,0.457723193,0,8.836.220.432.337.190
0.605260473,0.725645835,0.847695795,0.381924672,-0.250214736,0.231629331,-0.978124336,0.082604737,0.835395207,0.124340378,0.838069427,0.788704115,-0.935344036,0.354680597,-0.126162742,0.414668651,0.942076249,0.014171363,0.002755243,0.183036281,0.004238262,0.312117639,0.00041995,0.251622976,3.794.447.238.413.440,0.813483565,0.602739726,0,7.272.046.184.730.930
0.613945399,0.774532975,0.892179674,0.626346512,0.403774004,0.296054543,-0.867665374,0.718579306,0.781121157,0.185342303,0.953405291,0.838674583,0.636778051,0.277554052,-0.441605643,0.539206183,0.976050827,0.014277634,0.013022287,0.199774256,0.005240927,0.579336698,0.001074235,0.363688151,4.472.936.041.476.220,0.845712892,0.446575342,0,8.765.340.155.357.330
0.535850323,0.926843286,0.838036146,0.678123053,0.432105411,0.282368909,-0.871109666,0.725320961,0.814144896,0.161817242,0.891730544,0.834101314,-0.986072937,0.435752595,-0.273764061,0.532163452,0.826106105,0.014026051,0.001308712,0.202666372,0.005848095,0.38455451,0.001582999,0.306603921,4.182.665.022.145.560,0.85629454,0.520547945,0,811.080.377.971.986
0.814305233,0.999273712,0.937707145,0.98331606,-0.121931734,0.36592139,-0.852670374,0.599825495,0.838851682,0.266735535,0.843845896,0.830607737,0.698243462,0.469519847,-0.369373636,0.557079118,0.991221792,0.014888961,0.020883647,0.289965397,0.76235718,0.361016255,0.092619981,0.754042516,4.468.538.479.122.160,0.594264097,0.432404346,0,8.821.450.096.737.700
0.43587504,0.421352779,0.864332884,0.426316291,-0.485071045,0.353668866,-0.845186587,0.043581944,0.814483605,0.168546753,0.865666823,0.931689215,0.79918801,0.337294584,-0.667109827,0.376616731,0.996446097,0.014996601,0.001638904,0.300852165,0.007128886,0.374391573,0.001615057,0.143803605,4.305.043.117.364.820,0.66512179,0.501369863,0,8.379.503.835.735.460
0.559272008,0.98571592,0.863082436,0.532385985,0.289943965,0.342976983,-0.966258802,0.140918411,0.776641081,0.057061963,0.811231969,0.78155305,-0.768694936,0.286864111,-0.556954141,0.361250139,0.946224373,0.014683519,0.001702198,0.194169989,0.009989378,0.383766116,0.000330746,0.059781046,29.531.223.049.795.200,0.757108109,0.77260274,0,5.592.679.970.377.070
0.590812809,0.998857074,0.867845186,0.286881401,-0.29994414,0.269498521,-0.987423147,0.29288534,0.783701692,0.081650538,0.757898245,0.836559231,-0.889937285,0.362708203,-0.76772651,0.378114255,0.925166729,0.01485388,0.000180657,0.254970604,0.002482041,0.368920213,0.000240354,0.469815112,29.785.788.183.869.400,0.902898057,0.723287671,0,5.575.100.069.678.620
0.561182335,0.935564402,0.868437141,0.527960353,-0.456323933,0.344495014,-0.857498232,0.062000602,0.778537271,0.151543725,0.696792015,0.770416027,0.897399255,0.617928826,-0.199022258,0.482595855,0.990745302,0.012552871,0.002794939,0.18085651,0.000320162,0.542725448,0.002952966,0.281698498,42.521.446.848.481.900,0.903077414,0.501369863,0,8.256.038.686.184.850
0.476836868,0.986174631,0.865405324,0.593597333,-0.402156255,0.444006806,-0.886521231,0.049831655,0.777918509,0.170673517,0.771620752,0.739245358,-0.814571626,0.432446969,-0.683636427,0.532461739,0.991965892,0.01411826,0.001581239,0.209718253,0.003775385,0.42494578,0.000176655,0.474149442,4.332.490.873.217.470,0.901300305,0.482191781,0,8.435.487.665.357.190
0.542075697,0.991412995,0.871905118,0.5390208,0.372100927,0.446946322,-0.849163966,0.747082546,0.745554288,0.048929102,0.934099214,0.941420433,0.912914876,0.296826056,-0.598990663,0.483108533,0.833913567,0.014702129,0.003832834,0.092524198,0.003941068,0.394404644,0.000369166,0.722737728,22.721.683.685.825.500,0.910136033,0.830136986,0,4.178.530.547.307.330
0.584537703,0.998991934,0.86681693,0.279352934,0.695350456,0.33055115,-0.404125799,0.718799606,0.794723715,0.184317703,0.825504107,0.891659478,0.896071698,0.320167789,-0.18068325,0.538920225,0.996172329,0.012770408,0.001593674,0.16856765,0.004531727,0.341202393,0.004307888,0.374948413,44.266.351.553.046,0.854578144,0.480491261,0,866.742.085.698.913
0.53969666,0.993181757,0.859236943,0.48554895,0.826598937,0.261281164,-0.979899312,0.025345993,0.748290278,0.055166116,0.808198479,0.704023928,-0.910767472,0.202734072,-0.609928422,0.395280473,0.93705802,0.012742451,7.38E+10,0.304184291,0.001770922,0.357909047,0.000223226,0.287328267,24.710.184.248.130.200,0.902244333,0.810958904,0,45.846.837.094.447.300
0.537090972,0.932305343,0.897062832,0.461186861,-0.444189386,0.323196546,-0.994196454,0.00870189,0.748326053,0.043474437,0.747165889,0.845993213,-0.97852301,0.457748797,-0.593705325,0.546506824,0.857001055,0.014690069,0.000233032,0.203235169,0.003978012,0.363679906,0.000292238,0.1092888,2.630.716.805.228.500,0.77239797,0.830136986,0,4.939.032.274.290.640
0.581324094,0.934035194,0.866590418,0.806549144,-0.2722856,0.290630451,-0.990224487,0.189119661,0.813040956,0.138734158,0.879083513,0.865581487,-0.887972166,0.343135381,-0.683254831,0.42186942,0.996478246,0.014845178,3.90E+11,0.202770118,0.003933999,0.368359351,0.002886208,0.315907434,3.985.797.864.436.200,0.859666761,0.561643836,0,7.679.409.265.330.720
0.61100559,0.987360405,0.892853292,0.967309115,-0.244738012,0.671197192,-0.83127601,0.187367425,0.869059798,0.11594177,0.781840448,0.828474365,0.890777024,0.669775371,-0.628355422,0.537420992,0.981329972,0.021774378,0.066766118,0.260424097,0.015073234,0.384457027,0.011064483,0.31159972,36.031.494.980.477.900,0.717542935,0.643835616,0,6.902.105.507.610.350
0.609968571,0.999731269,0.883207618,0.610798962,0.455358437,0.391992991,-0.868941252,0.098180328,0.817165358,0.139306576,0.651317703,0.821469837,-0.903260725,0.357344341,-0.610330941,0.411871408,0.991735482,0.014437111,0.001797085,0.184374574,0.009680435,0.396037488,0.000436186,0.515987833,3.808.375.407.736.100,0.903555567,0.580821918,0,7.284.791.875.395.090
0.503015706,0.996277976,0.865996769,0.530588261,-0.193414805,0.671197192,-0.823065525,0.058121637,0.865456478,0.108977797,0.604977203,0.799583363,0.808459511,0.660627779,-0.301100579,0.540397971,0.943709308,0.022002082,0.002552286,0.258740795,0.015073234,0.359316094,0.011064483,0.455857282,35.083.154.964.943.100,0.735070598,0.660273973,0,6.712.285.776.363.430
0.728061449,0.979602853,0.84812323,0.530690153,0.9163426,0.341785495,-0.956348333,0.02243118,0.764486882,0.062103132,0.761896257,0.857692149,-0.866165954,0.3983499,-0.618114303,0.410909125,0.903988122,0.014688734,0.002001339,0.138348522,0.00940234,0.370958826,0.000954549,0.086812442,311.330.551.314.508,0.757198944,0.742465753,0,5.932.294.841.668.250
0.742246595,0.878445357,0.909709261,0.5317125,0.961393425,0.154080681,-0.943740378,0.046055418,0.81950143,0.149647424,0.948868799,0.810798929,-0.941436852,0.42436477,-0.256116829,0.486148739,0.974677087,0.015253493,0.045059249,0.200975203,0.01464737,0.40282241,0.00300505,0.154675466,4.133.824.675.600.120,0.780364999,0.531506849,0,802.965.371.190.792
0.720011823,0.942866058,0.846123705,0.908425502,0.292841288,0.237488458,-0.880631233,0.678778341,0.81873903,0.082354634,0.758501879,0.861507801,0.727203493,0.415742369,-0.148119132,0.538123363,0.983433413,0.015253418,0.000584334,0.187451155,0.017643112,0.360408772,0.003616608,0.623730553,3.432.993.743.926.540,0.850471429,0.684931507,0,6.515.089.803.288.920
0.783226298,0.878445357,0.884602216,0.278473584,-0.791115339,0.416976582,-0.890883221,0.040298287,0.820617641,0.156538405,0.911672182,0.809150737,-0.896040151,0.610803824,-0.597097392,0.488749564,0.999780776,0.014814119,0.021802587,0.185878145,0.001625667,0.375168929,0.000397931,0.155596399,4.183.748.308.857.160,0.79752254,0.520547945,0,8.138.136.569.767.810
0.536868426,0.982329885,0.873596191,0.274970045,-0.55004914,0.282849559,-0.404916725,0.111859503,0.753529406,0.046849203,0.627258762,0.859654445,-0.819637453,0.347020049,-0.386479771,0.357811638,0.938362337,0.014129584,0.001581391,0.188879404,0.00215182,0.447206971,0.001203841,0.287509614,24.446.994.577.816.500,0.875423615,0.830136986,0,4.526.644.565.250.340
0.531590843,0.999166477,0.879727948,0.752103072,0.971074118,0.4171048,-0.991991056,0.362969193,0.823973032,0.108092558,0.875072228,0.898984157,0.953650018,0.632975566,-0.173836597,0.567529935,0.860331358,0.012849375,0.001498736,0.310057664,0.005857383,0.517646511,0.001266785,0.410485301,3.651.947.680.758.900,0.902635798,0.621917808,0,6.937.642.233.551.670
0.87907593,0.993583773,0.844628421,0.944833289,-0.135450781,0.247802099,-0.867146213,0.056640999,0.7613882,0.049705271,0.770170853,0.80295926,-0.887254553,0.269181094,-0.610681139,0.408598579,0.917856044,0.014198605,0.003889025,0.105015648,0.004151092,0.386575323,0.000194482,0.14754835,2.828.555.701.153.360,0.787630978,0.802739726,0,5.322.601.634.123.960
0.67835428,0.935909399,0.911800112,0.659154964,-0.1317429,0.402914674,-0.841048041,0.026923013,0.765294411,0.043751712,0.80356175,0.827370306,0.636083434,0.376735368,-0.14934519,0.549862847,0.935995491,0.014681396,0.000550192,0.186252051,0.014522765,0.360684726,0.001938183,0.07893769,2.827.558.398.811.560,0.735925036,0.810958904,0,5.350.070.692.315.280
0.593514346,0.932391737,0.897062832,0.501697879,-0.421796891,0.700908381,-0.914321831,0.001687075,0.74396584,0.043317071,0.753666624,0.845993213,0.834984569,0.464923789,-0.317429978,0.53689201,0.981615769,0.021945907,0.069073608,0.203235169,0.003403749,0.402481181,0.000292238,0.330958682,2.729.058.528.052.550,0.702296554,0.821917808,0,5.167.987.086.794.070
0.539011006,0.996277976,0.865996769,0.530578562,0.384460692,0.671197192,-0.823065525,0.063389502,0.862433158,0.108977797,0.81434126,0.854269592,0.808459511,0.660627779,-0.426865703,0.534744826,0.943709308,0.022002082,0.002552286,0.257063478,0.015073234,0.359371332,0.011064483,0.455857282,3.518.573.288.801.860,0.76611373,0.660273973,0,6.707.095.081.154.730
0.567561859,0.916639916,0.869889598,0.649454087,0.967214339,0.275383741,-0.845868866,0.197501078,0.866588741,0.113431573,0.757270147,0.8326746,0.963970762,0.371150072,-0.068585186,0.518868079,0.964711854,0.014838968,8.28E+10,0.290844345,0.019650888,0.377642471,0.002841463,0.274241038,3.542.695.322.736.230,0.857372599,0.652054795,0,6.722.578.805.553.360
0.713011828,0.955101582,0.865321888,0.499656833,0.766063205,0.385710374,-0.844508564,0.265582087,0.83744464,0.152284487,0.869611777,0.790459689,-0.988718892,0.505866794,-0.639467243,0.370315751,0.995451304,0.014984997,0.001213808,0.249739004,0.011238616,0.482212847,0.002232825,0.075066299,4.081.723.881.426.180,0.840455053,0.542465753,0,7.902.026.112.356.610
0.851046681,0.994643028,0.866001307,0.638454282,-0.184855196,0.668384278,-0.82246618,0.054295232,0.862433158,0.108134487,0.90047171,0.886027015,0.808459511,0.357724128,-0.373035947,0.594050712,0.977415088,0.022002082,0.002586505,0.25116012,0.004547872,0.369920797,0.007872473,0.461731262,35.751.658.205.236.700,0.801562185,0.654794521,0,6.817.940.428.530.730
0.538068323,0.999393962,0.859351484,0.501597275,-0.002537522,0.421491143,-0.763572163,0.364269143,0.821091168,0.122920483,0.825546267,0.884638339,-0.883623373,0.375638003,-0.185160466,0.403409924,0.988751714,0.015079936,0.001914337,0.270747415,0.001923638,0.503333544,0.000231866,0.372399333,3.703.291.257.736.550,0.905159527,0.602739726,0,7.053.650.059.902.920
0.549613669,0.995093872,0.889203545,0.588768352,0.466798474,0.15356628,-0.963331099,0.130358965,0.821576317,0.223552471,0.767807224,0.862678535,-0.824035625,0.36906616,-0.250170809,0.202103529,0.937123556,0.014716468,0.00233594,0.247699021,0.000283778,0.376304105,9.56E+10,0.396309825,4.452.175.465.172.790,0.860857496,0.471421823,0,8.724.878.998.552.800
0.56857335,0.890378837,0.847173861,0.334137353,0.142367073,0.331191475,-0.847881074,0.038530661,0.772884254,0.071440398,0.810369236,0.686262089,-0.944117389,0.340521419,-0.582695229,0.632054739,0.940736567,0.014212718,0.00596102,0.201695059,0.001135171,0.339982899,0.00122596,0.079366413,3.188.096.073.894.100,0.754397981,0.720547945,0,6.070.645.548.417.870
0.606102344,0.964372789,0.86945549,0.548540707,0.009480408,0.301730197,-0.889117967,0.003773091,0.82013215,0.122879041,0.812507966,0.803083136,-0.878590444,0.394872523,-0.356862613,0.567923649,0.923621983,0.014817891,0.001721472,0.203199776,0.00609946,0.41229844,0.00243708,0.2653505,383.258.037.849.574,0.860427678,0.591780822,0,734.589.778.658.839
0.538754488,0.999324405,0.893476699,0.545455176,0.501674329,0.384935797,-0.937467634,0.052477444,0.765189427,0.164069164,0.805321363,0.986146566,-0.796074939,0.593529067,-0.572292754,0.341542826,0.86132781,0.014228371,0.00242552,0.295336871,0.004510785,0.551335818,0.000255678,0.279523238,4.399.926.822.340.600,0.909818136,0.471232877,0,8.589.817.846.160.680
0.531206119,0.997633814,0.831487042,0.533677442,-0.281125429,0.384107123,-0.840331227,0.666256791,0.783364126,0.190263056,0.878000659,0.899067478,-0.951980597,0.384571981,-0.174592238,0.345321088,0.994027935,0.01411727,0.000775603,0.30191838,0.0059957,0.544275967,0.00016446,0.36436094,4.464.522.721.382.280,0.906684985,0.454983467,0,8.730.996.242.940.360
0.594931525,0.930097233,0.848928922,0.92367382,-0.198261884,0.409538249,-0.843899021,0.599563342,0.81698204,0.076939242,0.843200404,0.863067831,0.697724393,0.41496077,-0.14767982,0.538189334,0.983433413,0.014690639,0.001974117,0.287728217,0.015849918,0.436964021,0.003657144,0.650259597,3.228.930.479.919.630,0.88520787,0.715068493,0,6.083.089.124.492.330
0.602982951,0.751866074,0.892818982,0.586956351,-0.116860243,0.699172754,-0.830279099,0.044257339,0.877691885,0.112852791,0.773055464,0.799583363,-0.806581232,0.695287457,-0.417057496,0.53472055,0.938580605,0.022002082,0.004097352,0.195716073,0.015073234,0.395946236,0.002897648,0.306638245,35.697.646.798.909.500,0.727293384,0.652054795,0,6.834.213.875.921.410
0.580969086,0.912351098,0.863534218,0.964069465,-0.362207104,0.262174599,-0.872808072,0.056149581,0.760050408,0.057528568,0.86758186,0.947598626,-0.826020307,0.298994527,-0.497549601,0.45437727,0.978022985,0.014672829,0.000470185,0.193008518,0.004248183,0.367113869,0.001476689,0.317561048,27.134.378.878.730.600,0.859538593,0.791780822,0,50.723.908.945.734.700
0.590812809,0.998857074,0.867845768,0.290113253,-0.29994414,0.33548967,-0.872392797,0.282399666,0.783701692,0.081650538,0.889960218,0.861044115,-0.822307609,0.364956923,-0.39060257,0.567689048,0.924628905,0.01485388,0.000130161,0.209687999,0.002482041,0.451212324,0.001808556,0.457136413,3.023.068.697.815.900,0.905120532,0.717808219,0,5.667.501.694.021.890
0.729258635,0.920730947,0.864594496,0.572093699,-0.424464519,0.395978952,-0.379570632,0.026248637,0.745166059,0.053301132,0.810482474,0.805240974,-0.81470442,0.225167111,-0.178111015,0.519115032,0.920870441,0.015004001,0.001065219,0.081482074,7.80E+10,0.345328973,0.000158259,0.147383801,29.903.404.812.672.600,0.747602676,0.77260274,0,5.686.493.067.093.400
0.590812809,0.997455187,0.867953039,0.286881401,0.73539886,0.269354594,-0.98482848,0.29288534,0.783695584,0.091862725,0.757898245,0.947864351,-0.889937285,0.266248557,-0.76772651,0.144301883,0.933323772,0.01485388,0.000180657,0.254970604,0.000907814,0.367768325,0.000198118,0.467106498,3.174.521.864.031.330,0.903935503,0.690410959,0,5.974.115.718.417.650
0.677355691,0.932382552,0.972553757,0.482821471,-0.427373968,0.323196546,-0.983435189,0.007005377,0.748326053,0.043319992,0.747165889,0.845993213,0.924616869,0.46017669,-0.378358704,0.545869557,0.945678795,0.014690069,0.000534777,0.144976971,0.019292642,0.377286215,0.00023752,0.330958682,24.968.750.174.249.700,0.822179066,0.832876712,0,4.647.493.500.967.400
0.566792036,0.993999887,0.892538018,0.679071525,0.730034894,0.349431726,-0.845868866,0.093152854,0.757796491,0.051066377,0.842180862,0.836733707,0.978032685,0.364699364,-0.1546293,0.466827436,0.943461302,0.014729856,0.001582737,0.200005715,0.001015939,0.367040493,0.000959035,0.366095541,26.051.918.685.458.100,0.876461819,0.816438356,0,4.844.421.869.343.910
0.729258635,0.924122332,0.874512814,0.572093699,-0.424464519,0.395978952,-0.379411723,0.055478365,0.839991367,0.112117712,0.874427618,0.801104874,-0.810046123,0.324755533,-0.178111015,0.553131512,0.92080551,0.015017426,0.001065219,0.081482074,0.014811179,0.345328973,0.007995957,0.147383801,37.953.664.422.674.300,0.733724658,0.602739726,0,7.325.366.922.031.010
0.567674331,0.995424696,0.893705988,0.679071525,0.992624035,0.387368475,-0.845868866,0.054185479,0.757796491,0.054139495,0.531543701,0.722451961,0.963970762,0.364699364,-0.025585916,0.523937855,0.972142033,0.014499285,0.000355804,0.200005715,0.003863515,0.415566375,0.000229153,0.290249782,2.967.439.115.379.410,0.86672195,0.778082192,0,5.568.644.405.088.870
0.590786556,0.998857074,0.867845186,0.286881401,0.73539886,0.269354594,-0.98482848,0.29288534,0.809876925,0.092688758,0.757898245,0.947864351,-0.869689731,0.363002483,-0.769359009,0.522277444,0.933323772,0.014855976,0.000180657,0.254970604,0.000907814,0.367768325,0.00012205,0.469815112,31.912.122.629.993.000,0.90402631,0.687671233,0,5.991.314.743.740.040
0.537932679,0.952114221,0.87051192,0.974091785,-0.204881673,0.329968185,-0.991511292,0.028216597,0.833352637,0.266735535,0.808996188,0.882193636,-0.880417423,0.58772587,-0.179079157,0.434608005,0.90810075,0.005759873,0.000460739,0.129422574,0.738252197,0.372541517,0.001406757,0.744093211,4.476.667.012.515.650,0.673568413,0.419272556,0,8.814.148.020.514.830
0.546936436,0.999102642,0.846513279,0.474760384,0.333820975,0.333656937,-0.880934191,0.038542333,0.785321874,0.165507286,0.800914524,0.79333446,0.826035473,0.373865328,-0.065696221,0.530369753,0.974282916,0.014847109,0.002029149,0.193193147,0.011999319,0.362867069,0.001720808,0.511244652,4.356.952.797.272.110,0.850114902,0.490127539,0,8.509.579.700.050.060
0.586888439,0.938393262,0.890234873,0.529904594,0.254541522,0.091186764,-0.91711815,0.02995811,0.765513275,0.053854342,0.810584891,0.857645888,-0.866165954,0.348117666,-0.320660167,0.356765166,0.944886415,0.014386269,6.13E+10,0.17065331,0.010368977,0.360509637,0.000954549,0.069620952,290.892.850.834.275,0.749131069,0.780821918,0,5.528.068.391.291.320
0.540479753,0.944526534,0.860475435,0.461766391,0.355513445,0.478045705,-0.900479032,0.047108124,0.777812805,0.058236557,0.814884978,0.858965883,0.899294495,0.573587145,-0.14320972,0.540735343,0.9775721,0.014680519,0.02055819,0.309464202,0.036733771,0.378600406,0.001449779,0.514369312,28.936.720.936.912.600,0.827266386,0.780821918,0,5.430.835.239.916.260
0.611515555,0.993084469,0.866822321,0.870064719,0.842052049,0.260697761,-0.359211328,0.279454311,0.827597008,0.172225385,0.805653461,0.860159869,-0.877352235,0.332389649,-0.181240354,0.462699134,0.959787371,0.013609649,0.000215267,0.183980837,0.003748121,0.533432504,0.001604519,0.280583637,4.184.921.485.901.680,0.903424775,0.512328767,0,8.111.900.508.630.740
0.621753444,0.938393262,0.890234873,0.570529555,0.315200389,0.428969277,-0.953687179,0.035320166,0.765513275,0.053854342,0.536828314,0.857645888,-0.811455854,0.410985651,-0.312579018,0.418044927,0.972016146,0.014386269,6.13E+10,0.17065331,0.004577039,0.360509637,0.000954549,0.070039972,28.991.679.450.233.000,0.75990438,0.783561644,0,5.500.546.043.005.640
0.556868534,0.918377475,0.86506884,0.92367382,-0.198261884,0.387217381,-0.843899021,0.599563342,0.823920292,0.076939242,0.843200404,0.854507669,0.68663742,0.414982828,-0.147598275,0.503588038,0.983433413,0.014690639,0.001974117,0.292825109,0.001106465,0.4278433,0.003167446,0.650363348,30.312.659.938.761.300,0.900181413,0.715068493,0,5.658.613.727.505.370
0.584537703,0.999661711,0.86681693,0.592634976,0.695350456,0.296448638,-0.892189686,0.019347197,0.761802975,0.068240593,0.805001843,0.862009806,0.854365654,0.254860599,-0.186238177,0.475435291,0.988123669,0.012934078,0.00012666,0.182021695,0.000179711,0.345962072,0.004555623,0.426675386,27.917.778.030.398.100,0.903192635,0.761643836,0,5.210.484.130.366.100
0.66350063,0.718105632,0.939415463,0.50827556,-0.316902759,0.344355319,-0.93984447,0.195244804,0.764523456,0.166374767,0.780373689,0.857746273,-0.878261648,0.605576511,-0.573472904,0.4043317,0.937236911,0.014903008,9.98E+10,0.205280714,0.022648967,0.547530542,0.000652463,0.141901698,4.473.338.544.729.450,0.798512623,0.449409542,0,878.396.346.014.335
0.729258635,0.925890604,0.863041561,0.561977923,0.781294575,0.395978952,-0.379411723,0.100129256,0.839991367,0.11464054,0.810482474,0.805240974,-0.810046123,0.419031974,-0.178111015,0.553131512,0.92324828,0.015017426,0.005088408,0.081482074,0.014811179,0.544534614,0.00014475,0.141123097,3.770.809.535.581.800,0.820491717,0.610958904,0,7.231.424.776.617.250
0.583963511,0.994574526,0.895694423,0.668358016,0.443418313,0.212653576,-0.737824249,0.061464668,0.80866418,0.082028654,0.881162573,0.806959257,-0.720894016,0.509312123,-0.376443975,0.538733058,0.909400551,0.014173632,1.09E+11,0.278508751,0.004950554,0.539655592,0.001910567,0.274627469,30.833.027.328.161.300,0.908607353,0.706849315,0,5.773.542.344.580.230
0.709629925,0.765674682,0.857078003,0.270109249,-0.137361733,0.23766016,-0.872208752,0.03142168,0.818766997,0.122982439,0.808425689,0.70903546,-0.852875306,0.413170459,-0.184623158,0.710163538,0.995552239,0.014781694,0.00055115,0.250759737,0.003561602,0.40136761,0.000279432,0.044180815,3.948.298.925.667.420,0.804132408,0.575342466,0,7.617.370.534.194.840
0.604838708,0.65454331,0.847607303,0.56491565,-0.331212973,0.237627412,-0.978124336,0.079415462,0.824015416,0.124340378,0.76405148,0.769810568,-0.935790938,0.354680597,-0.126162742,0.414668651,0.942076249,0.014137222,0.000453585,0.184774749,0.004238262,0.309596695,0.00041995,0.227395521,3.869.128.053.275.130,0.804346761,0.591780822,0,743.318.212.050.833
0.567674331,0.995424696,0.893705988,0.679071525,0.992624035,0.387368475,-0.845868866,0.054185479,0.774932586,0.070734263,0.514224174,0.722451961,0.963970762,0.364699364,-0.025585916,0.523605939,0.972142033,0.014499285,0.000355804,0.239386699,0.003863515,0.417218276,0.000229153,0.290249782,31.763.147.887.615.200,0.880088249,0.720547945,0,5.984.181.164.317.400
0.611053261,0.878190368,0.879330914,0.955635864,0.72850872,0.281468885,-0.824103481,0.223572713,0.837660787,0.221402154,0.752013076,0.893661684,-0.952795017,0.380533451,-0.378653498,0.426508986,0.975391501,0.015005924,0.001940747,0.206920404,0.010639404,0.559943713,0.001469664,0.359686844,4.466.036.051.714.480,0.867738091,0.453755314,0,8.748.632.622.564.820
0.584537703,0.999223918,0.86681693,0.590480445,0.695350456,0.406582195,-0.892189686,0.019347197,0.762617482,0.060102886,0.805001843,0.862009806,0.854365654,0.416036539,-0.18068325,0.380458662,0.988123669,0.012930002,0.001593354,0.182021695,0.003772865,0.341202393,4.24E+11,0.431075941,25.804.493.767.894.600,0.902701282,0.794520548,0,4.790.685.976.458.310
0.729258635,0.920730947,0.883206263,0.531468738,-0.414126793,0.385772274,-0.379570632,0.097802685,0.877734525,0.111259006,0.810482474,0.8053404,-0.86941452,0.225167111,-0.186192164,0.502363596,0.916077845,0.015004001,0.001065219,0.081482074,7.80E+10,0.396952783,0.000431551,0.146964781,35.964.805.957.280.300,0.769969971,0.646575342,0,6.883.772.403.619.610
0.580851338,0.993243597,0.894642789,0.320057556,0.689855195,0.295639772,-0.382151671,0.720461982,0.96466576,0.151056246,0.933920711,0.909576504,-0.710623582,0.436849262,-0.174128841,0.498117252,0.987623079,0.013921141,0.00749854,0.251696543,0.005610177,0.361512986,0.032467394,0.37534787,3.515.574.258.951.700,0.851457169,0.660273973,0,6.665.241.692.482.030
0.537944364,0.99278568,0.849061595,0.870064719,0.394908063,0.260697761,-0.395929325,0.375252111,0.828280456,0.167885961,0.414019102,0.825957356,-0.877352235,0.332389649,-0.274336992,0.19569929,0.937441912,0.015208913,0.00011956,0.329824843,0.00449464,0.533432504,0.000168933,0.280674582,40.247.123.145.180.600,0.903027995,0.542465753,0,7.752.837.336.281.720
0.536868868,0.998659611,0.866937642,0.969134462,0.436296049,0.322215392,-0.754247829,0.078957842,0.929889734,0.147621235,0.906881028,0.782843061,0.724308498,0.566180211,-0.352177177,0.022462912,0.983473833,0.015147164,0.001029918,0.173185281,0.00622199,0.601838744,0.00121202,0.356847555,339.290.358.018.477,0.900015522,0.660273973,0,6.392.853.263.465.430
0.583979247,0.999223918,0.871268108,0.592634976,0.694419367,0.296448638,-0.9284382,0.019347197,0.762486424,0.064528433,0.893257765,0.862009806,0.854365654,0.392984223,-0.153917312,0.493044295,0.988123669,0.012934078,0.001725075,0.327865702,0.004445817,0.345962072,0.004555623,0.415188148,26.782.178.491.091.800,0.906631201,0.780821918,0,49.752.675.681.004.500
0.611053261,0.88474039,0.883910357,0.754142291,0.72850872,0.157090983,-0.751320552,0.225372945,0.837660787,0.221402154,0.856886364,0.963603256,-0.959283383,0.30584533,-0.3782283,0.542331018,0.975391501,0.014579015,0.001940747,0.206920404,0.000875923,0.529885552,0.001476795,0.298769252,44.632.594.223.218.200,0.865157063,0.460085026,0,8.747.751.429.104.520
0.546039615,0.997001736,0.893474058,0.980134384,-0.27212122,0.262688733,-0.356234202,0.139611492,0.798558186,0.076141437,0.70106259,0.800635361,-0.969032561,0.384645135,-0.180143176,0.212689525,0.996184211,0.014114364,0.002426721,0.216398761,0.004707718,0.534227971,2.29E+11,0.328988074,29.501.914.247.559.800,0.905318801,0.731506849,0,551.108.801.256.779
0.538817094,0.997694794,0.861945294,0.384556774,-0.445416094,0.430531279,-0.842520368,0.0237417,0.763624141,0.068616231,0.747271612,0.809414532,-0.875235519,0.342296901,-0.168323445,0.493247837,0.939039075,0.014254456,3.04E+11,0.259057295,0.004151146,0.565684257,0.002142527,0.256130793,2.805.678.070.295.010,0.901212876,0.753424658,0,524.484.101.524.432
0.548408354,0.999111005,0.893736916,0.534497192,-0.736519502,0.302548329,-0.99519037,0.055576296,0.837061068,0.110423889,0.767695864,0.866773141,-0.920623327,0.363459972,-0.339273359,0.446053554,0.937483588,0.014667896,0.001069577,0.305390384,7.09E+09,0.460030234,9.56E+10,0.314022057,34.988.159.579.875.100,0.903098606,0.64109589,0,6.616.569.939.709.210
0.610861105,0.996029646,0.879330914,0.652589903,0.723900691,0.366610344,-0.824103481,0.224261174,0.837660787,0.169354749,0.961570168,0.893661684,-0.89188873,0.424180708,-0.378653498,0.538618685,0.995588629,0.015005924,0.002414076,0.207161477,0.004180308,0.547482651,0.001469664,0.349574261,4.082.986.096.108.940,0.902497105,0.531506849,0,7.886.190.508.857.860
0.636974696,0.990028214,0.889222249,0.533685119,0.789026925,0.284617872,-0.395982231,0.066736138,0.778801748,0.199553038,0.867794904,0.806049195,-0.838072978,0.335286052,-0.351402566,0.419294492,0.955724264,0.010579891,0.002139318,0.267692946,0.004085397,0.370731801,0.000132684,0.336591652,4.471.143.012.577.570,0.898462562,0.44194615,0,8.749.261.139.649.090
0.67835428,0.93671691,0.911800112,0.673815609,0.929719056,0.392096088,-0.966553982,0.08214986,0.743129648,0.043751712,0.80356175,0.828572454,-0.9287963,0.365788442,-0.379367972,0.550326629,0.935881497,0.014655255,0.000533757,0.186252051,0.014522765,0.360277569,0.00083339,0.085498615,2.723.995.049.385.550,0.765999203,0.821917808,0,513.160.177.554.778
0.576140882,0.989033124,0.864345724,0.438870004,0.402701108,0.099212497,-0.869988119,0.716674222,0.817129056,0.146869891,0.987375608,0.798745684,-0.925743505,0.282605593,-0.349952065,0.518978639,0.992620045,0.014113678,0.000237868,0.220867471,0.005760578,0.377357942,0.000179651,0.267590856,40.430.302.255.543.100,0.867252676,0.550684932,0,7.801.584.018.932.500
0.722986253,0.992306815,0.844131842,0.319466877,0.292138413,0.314531007,-0.953263975,0.091048179,0.780202071,0.068933394,0.875761063,0.811516487,0.806783525,0.350887107,-0.261034514,0.468081945,0.875574044,0.021147307,0.000584986,0.132245477,0.001951457,0.389515068,0.011244997,0.31502572,3.214.971.066.145.150,0.738353734,0.720547945,0,6.131.293.333.791.150
0.576829158,0.992551732,0.85323132,0.795366688,0.431386883,0.420347326,-0.889649697,0.173758152,0.783458029,0.203585165,0.61201344,0.811235965,-0.708516849,0.353746971,-0.283858843,0.539386909,0.973844952,0.014856347,0.000553995,0.289924673,0.004940591,0.429000216,0.00029895,0.431024084,4.464.189.319.875.670,0.893754771,0.460746339,0,8.740.868.890.325.890
0.536868868,0.998659611,0.867322391,0.476225664,0.423749438,0.46928139,-0.754247829,0.053407235,0.932714371,0.164709475,0.949916133,0.89398785,0.707673188,0.571522932,-0.589170512,0.54046668,0.98732652,0.015166242,0.001123683,0.173185281,0.006207852,0.601838744,0.001330935,0.374245221,35.415.215.056.783.400,0.90021544,0.632876712,0,6.705.532.981.166.570
0.722986253,0.992590455,0.844131842,0.561187181,0.982388231,0.318155477,-0.572402626,0.210494059,0.780202071,0.067787285,0.876463049,0.820456882,0.88071893,0.610483727,-0.261034514,0.562551078,0.996986736,0.020538765,0.000873788,0.132245477,0.001951457,0.388706301,0.011392107,0.428355618,32.403.201.902.733.600,0.740887084,0.712328767,0,6.175.469.668.033.610
0.818365104,0.915483768,0.859480716,0.528603016,0.831225294,0.662220343,-0.895405605,0.178420539,0.73819992,0.054168595,0.64637616,0.811841085,-0.982596934,0.405467274,-0.37337514,0.345835095,0.873831014,0.014757126,0.001122812,0.175273343,0.004195568,0.320331311,0.013932851,0.172564325,2.863.761.979.790.220,0.784128838,0.791780822,0,540.704.548.734.167
0.591482799,0.994576911,0.897569411,0.924512946,-0.286817137,0.409462421,-0.948393489,0.05235874,0.784600994,0.075704317,0.888769473,0.816593766,-0.72976331,0.421211337,-0.144059289,0.470442805,0.996301551,0.01503628,0.000463742,0.295079651,0.008939828,0.428413631,0.003452805,0.440131096,2.861.298.161.872.470,0.903704049,0.742465753,0,5.340.323.184.465.620
0.583979247,0.999938831,0.871268108,0.555142788,0.694419367,0.296448638,-0.9284382,0.004649749,0.762486424,0.064528433,0.81282297,0.795135807,0.908566675,0.317335893,-0.153416311,0.494255442,0.988123669,0.012934078,0.001725075,0.074434731,0.004445817,0.345962072,0.001607114,0.149700578,31.456.664.293.362.800,0.768907483,0.731506849,0,5.993.606.833.366.280
0.566833269,0.996844301,0.866581817,0.44326374,0.797462653,0.383098361,-0.841137601,0.257215058,0.867064583,0.140856931,0.892026788,0.91365096,-0.80984519,0.359942844,-0.349858688,0.546315307,0.999874664,0.014080985,0.002696484,0.219363266,0.001484253,0.368384188,0.002936935,0.276670031,37.234.039.892.685.700,0.86547093,0.610958904,0,7.102.664.103.782.950
0.566792036,0.995424696,0.892538018,0.377554506,0.992624035,0.404005511,-0.845868866,0.093152854,0.757519598,0.059604675,0.923309149,0.83453509,0.824436427,0.364699364,-0.088904098,0.518868079,0.97316487,0.014729856,3.45E+11,0.212054134,0.004016636,0.367364145,0.000588179,0.366095541,30.140.263.213.672.400,0.852680184,0.761643836,0,5.689.436.535.508.870
0.438051328,0.324655938,0.853267275,0.262556306,-0.116033183,0.299160826,-0.886062789,0.029050573,0.843211075,0.110838911,0.846106412,0.379207458,-0.822452864,0.596637232,-0.407071535,0.09849507,0.99799081,0.014845698,0.006264791,0.259122849,0.002417401,0.222990143,0.035769616,0.146066642,365.239.663.336.001,0.527156194,0.649315068,0,7.006.019.854.242.870
0.609968571,0.999731269,0.883260758,0.610798962,0.455358437,0.403528929,-0.839245455,0.098180328,0.820256604,0.166419942,0.618478765,0.821645205,0.669070913,0.35472362,-0.09435255,0.489937897,0.991735482,0.014461554,0.001797423,0.30376873,0.010588451,0.38100209,0.001553336,0.523322177,4.145.131.134.733.390,0.902240292,0.523287671,0,8.010.917.516.080.430
0.543155957,0.946254775,0.859842261,0.990182835,-0.153998179,0.406345013,-0.827991215,0.065495384,0.822325822,0.145663614,0.86535858,0.819661187,-0.82179279,0.359583916,-0.155423492,0.578341328,0.994093463,0.014327465,0.001589004,0.178619102,0.000736944,0.555591991,0.00030126,0.143662325,40.803.213.790.433.500,0.861162117,0.542465753,0,7.883.112.446.573.690
0.60160451,0.928476954,0.866740667,0.326557766,0.413790808,0.279534284,-0.868682249,0.088599499,0.821346959,0.165969876,0.811721981,0.775112628,-0.991428255,0.390137536,-0.24648089,0.418624838,0.926653904,0.014200943,0.00016873,0.198937254,0.00062025,0.547401117,0.000869741,0.096604248,4.286.126.826.734.180,0.864393759,0.501369863,0,8.343.694.859.082.110
0.585484178,0.995718539,0.895902568,0.312891967,-0.127238036,0.194691757,-0.953140201,0.092633411,0.832907911,0.147504118,0.982530984,0.928049036,0.816252734,0.365082743,-0.167157555,0.537149023,0.997223649,0.014245113,0.000528642,0.281251972,0.004684641,0.316969503,0.005551295,0.547138022,38.856.663.554.378.300,0.901773295,0.57260274,0,7.442.909.921.454.690
0.591306312,0.998699133,0.874861994,0.659399541,0.428096489,0.327776705,-0.426419026,0.336995743,0.752891462,0.050972911,0.81674385,0.809644578,-0.890256106,0.37789666,-0.219873828,0.472837145,0.985092472,0.015649254,0.001187733,0.188564089,0.004566204,0.528842762,0.00091465,0.518602923,2.367.940.226.661.090,0.909221338,0.821917808,0,437.402.869.051.866
0.726339159,0.993216226,0.87936341,0.752103072,0.939987692,0.4171048,-0.92103418,0.362969193,0.83859639,0.108092558,0.885312854,0.938857532,0.893888758,0.632975566,-0.139367727,0.571797661,0.87292236,0.012765874,0.001655989,0.310057664,0.005535277,0.518332318,0.002205408,0.410485301,3.702.276.045.416.550,0.873363926,0.630136986,0,7.059.858.759.683.990
0.66350063,0.696585877,0.845716224,0.507966307,0.944511792,0.404562206,-0.899699152,0.20096147,0.764856699,0.167128219,0.780406437,0.960260601,0.925786371,0.420387384,-0.616673838,0.560731056,0.974383197,0.014350063,0.000457794,0.205280714,0.022648967,0.384201784,0.000652463,0.141901698,4.469.140.673.477.200,0.790536313,0.465092111,0,8.778.778.286.555.970
0.546134715,0.998784748,0.879727948,0.752103072,0.985070778,0.4171048,-0.893359786,0.068658265,0.75234449,0.053911073,0.914062515,0.919816935,0.964717761,0.615872065,-0.121104382,0.569581348,0.809556132,0.012849375,0.003981751,0.199649757,0.738035641,0.516755828,0.001266785,0.377356043,2.945.903.464.276.690,0.508882855,0.780821918,0,5.661.390.449.293.220
0.713011828,0.986503542,0.865321888,0.47645295,0.766063205,0.321032765,-0.888278736,0.274021797,0.818782756,0.164696208,0.904135256,0.790459689,-0.991057179,0.501090557,-0.654579879,0.368395827,0.995538654,0.014930494,0.001131396,0.249160132,0.011238616,0.482212847,0.000847068,0.076112529,4.282.341.327.341.130,0.844075541,0.501369863,0,8.346.493.493.802.170
0.566792036,0.995424696,0.892314239,0.29867844,0.992624035,0.404005511,-0.845868866,0.09499356,0.757796491,0.059604675,0.923309149,0.83453509,0.960935923,0.364699364,-0.181444958,0.518649662,0.973603876,0.014729856,0.002416625,0.212095594,0.004016636,0.358122242,0.000205584,0.369298519,28.236.643.297.599.300,0.873418222,0.783561644,0,5.284.848.924.086.990
0.566792036,0.995424696,0.892538018,0.565401134,0.992624035,0.404005511,-0.845868866,0.093152854,0.757519598,0.047315938,0.923309149,0.866778452,0.824436427,0.364699364,-0.088904098,0.518868079,0.97316487,0.014729856,3.45E+11,0.212054134,0.006211234,0.367364145,0.002926977,0.366095541,2.809.215.608.705.890,0.847902504,0.810958904,0,5.274.302.891.823.580
0.583979247,0.999223918,0.871268108,0.59382491,0.694419367,0.296448638,-0.9284382,0.019347197,0.762486424,0.064528433,0.892645969,0.85712489,0.746586386,0.392984223,-0.133513278,0.493044295,0.988123669,0.012934078,0.001725057,0.325363341,0.004445817,0.345962072,0.004555623,0.415188148,27.555.681.709.101.300,0.906685917,0.778082192,0,5.133.578.759.434.370
0.538817094,0.997694794,0.861945294,0.384556774,-0.445416094,0.309483637,-0.842520368,0.0237417,0.753043905,0.068616231,0.763817159,0.809414532,-0.880934667,0.342296901,-0.168323445,0.453796729,0.939039075,0.014254456,3.04E+11,0.257771897,0.004151146,0.565674287,0.002142527,0.256130793,2.803.318.881.688.210,0.901148003,0.750684932,0,5.249.366.269.183.540
0.559982717,0.997001736,0.896332821,0.973313465,0.067870519,0.294223678,-0.345106611,0.134716427,0.819069536,0.126715696,0.747690588,0.821838026,-0.925570811,0.380388525,-0.158130468,0.505125245,0.985466991,0.014739491,0.001566772,0.277466441,0.003186658,0.545940035,0.000155443,0.293774583,3.770.682.189.717.090,0.907016571,0.591780822,0,7.200.868.822.497.700
0.604735428,0.996467275,0.865727274,0.59803678,0.813945431,0.359156358,-0.411326526,0.665542572,0.836588412,0.138406258,0.96596728,0.898075668,-0.903259685,0.378293009,-0.381199474,0.422868532,0.998156651,0.016163078,0.000824806,0.304974523,0.002616813,0.409430241,0.004567651,0.356745718,38.896.592.529.171.600,0.880408284,0.580821918,0,7.463.586.987.658.540
0.536321982,0.997001736,0.869898236,0.378075567,0.42778706,0.251916665,-0.696944398,0.065562518,0.766171726,0.14549541,0.615541461,0.806431134,0.917569886,0.355632889,-0.154974783,0.642654806,0.973750716,0.014183441,0.002426721,0.215099543,0.004956751,0.544840672,5.82E+10,0.338847147,4.310.451.558.290.640,0.902330693,0.493150685,0,8.384.201.495.460.220
0.537944364,0.99278568,0.886230172,0.889171869,0.394908063,0.260697761,-0.395929325,0.38167396,0.82827951,0.09724272,0.407689479,0.842887857,-0.989509645,0.332389649,-0.274336992,0.19569929,0.998877152,0.015208913,8.66E+09,0.329824843,0.001680568,0.533432504,0.000113384,0.277987881,32.590.672.154.073.200,0.905194277,0.673972603,0,6.119.072.937.771.570
0.540440323,0.995181058,0.866766297,0.301242787,0.771854088,0.357723929,-0.968592357,0.069256204,0.781741297,0.16450086,0.765599676,0.853193738,-0.841486115,0.602253753,-0.185108217,0.423010013,0.937137695,0.014171471,0.000122578,0.192020135,0.00815338,0.429387581,0.000212121,0.101334159,4.345.729.170.199.240,0.771188333,0.490127539,0,8.525.404.091.977.330
0.539614845,0.997001736,0.869482362,0.378075567,0.42778706,0.18627686,-0.696944398,0.054118705,0.828386265,0.14549541,0.615541461,0.825491274,0.917569886,0.358018423,-0.17851408,0.608882757,0.973750716,0.013394331,0.002426721,0.215623265,0.004956751,0.534227971,0.000162242,0.2788195,39.844.828.702.365.800,0.902611281,0.553424658,0,766.351.969.675.952
